LAD22NM,polygon_area_km2,population_all_x,population_density,income_domain_weighted_mean,imd_weighted_mean,weighted_ivt_time,mt_time_weighted_mean,ivt_time_weighted_mean,mt_transfer_time_weighted_mean,ethnic_group_other_than_white_british,ethnic_group_all_categories_ethnic_group,ethnic_minority_proportion,bad_or_very_bad_health,all_categories_general_health,bad_health_proportion,long_term_health_count,all_categories_long_term_health_problem_or_disability,long_term_health_proportion,age_65_plus_count,population_all_y,age_65_plus_proportion,ural_False,ural_True,proportion_rural,ver_65_within_30_False,ver_65_within_30_True,proportion_over_65_within_30,closest_is_m_False,closest_is_m_True,proportion_closest_is_mt
,,,,,,,,,,,,,,,,,,,,,,,,,,,,,,
Carlisle,3149.1414,108524.0,34.4615,0.1149,21.8174,13.7042,88.6577,13.0577,75.6,5335.0,107524.0,0.0496,6407.0,107524.0,0.0596,19785.0,106138.0,0.1864,24053.0,108524.0,0.2216,78316.0,30208.0,0.2784,0.0,24053.0,1.0,108524.0,0.0,0.0
Barking and Dagenham,93.2107,214107.0,2297.0218,0.1927,32.6878,12.6733,13.1532,13.1532,0.0,93962.0,185911.0,0.5054,11330.0,185911.0,0.0609,29804.0,184901.0,0.1612,19807.0,214107.0,0.0925,214107.0,0.0,0.0,0.0,19807.0,1.0,0.0,214107.0,1.0
East Hampshire,1302.0725,123838.0,95.1084,0.0604,10.3078,27.9649,66.1743,28.1815,37.9928,8040.0,115608.0,0.0695,4280.0,115608.0,0.037,15745.0,113394.0,0.1389,29300.0,123838.0,0.2366,79166.0,44672.0,0.3607,11468.0,17832.0,0.6086,123838.0,0.0,0.0
Peterborough,930.0475,202626.0,217.8663,0.1561,27.8969,12.6403,68.7873,12.4873,56.3,53399.0,183631.0,0.2908,9501.0,183631.0,0.0517,29699.0,181827.0,0.1633,30493.0,202626.0,0.1505,180860.0,21766.0,0.1074,0.0,30493.0,1.0,202626.0,0.0,0.0
Babergh,1571.2617,92735.0,59.0194,0.0802,14.2406,24.746,83.5461,24.8754,58.6707,4074.0,87740.0,0.0464,3808.0,87740.0,0.0434,14422.0,86170.0,0.1674,24549.0,92735.0,0.2647,28150.0,64585.0,0.6964,803.0,23746.0,0.9673,92735.0,0.0,0.0
North Kesteven,2552.9543,118149.0,46.2793,0.0812,11.5638,23.6672,81.0298,23.6298,57.4,4423.0,107766.0,0.041,5428.0,107766.0,0.0504,19618.0,105980.0,0.1851,27868.0,118149.0,0.2359,46383.0,71766.0,0.6074,8415.0,19453.0,0.698,118149.0,0.0,0.0
Runnymede,200.2822,90327.0,450.9987,0.0651,11.9377,12.7796,48.8819,12.9819,35.9,16113.0,80510.0,0.2001,2973.0,80510.0,0.0369,10448.0,77346.0,0.1351,15274.0,90327.0,0.1691,90327.0,0.0,0.0,0.0,15274.0,1.0,90327.0,0.0,0.0
Wokingham,459.9699,173945.0,378.166,0.0443,5.8392,15.3907,64.5457,15.2487,49.2971,25261.0,154380.0,0.1636,4247.0,154380.0,0.0275,17290.0,151740.0,0.1139,30571.0,173945.0,0.1758,146762.0,27183.0,0.1563,0.0,30571.0,1.0,173945.0,0.0,0.0
Kensington and Chelsea,31.2763,156864.0,5015.4243,0.1141,21.1376,13.5503,13.4927,13.4927,0.0,96378.0,158649.0,0.6075,7232.0,158649.0,0.0456,18789.0,155939.0,0.1205,25596.0,156864.0,0.1632,156864.0,0.0,0.0,0.0,25596.0,1.0,0.0,156864.0,1.0
North East Lincolnshire,542.4483,159364.0,293.7865,0.1897,31.3306,40.9883,82.8239,40.5239,42.3,7376.0,159616.0,0.0462,9660.0,159616.0,0.0605,29626.0,157786.0,0.1878,33258.0,159364.0,0.2087,143144.0,16220.0,0.1018,33258.0,0.0,0.0,159364.0,0.0,0.0
Newham,93.5255,355266.0,3798.6024,0.1663,29.3336,16.9187,16.6414,16.6414,0.0,256468.0,307984.0,0.8327,17327.0,307984.0,0.0563,41892.0,306009.0,0.1369,27964.0,355266.0,0.0787,355266.0,0.0,0.0,0.0,27964.0,1.0,0.0,355266.0,1.0
Windsor and Maidenhead,511.1479,151273.0,295.9476,0.0582,8.4244,20.5071,56.9163,20.6746,36.2417,32479.0,144560.0,0.2247,4953.0,144560.0,0.0343,17143.0,141065.0,0.1215,28514.0,151273.0,0.1885,137592.0,13681.0,0.0904,0.0,28514.0,1.0,151273.0,0.0,0.0
Rother,1287.8468,96716.0,75.099,0.1135,19.7715,32.7853,75.9886,33.3007,42.6879,5309.0,90588.0,0.0586,5739.0,90588.0,0.0634,19515.0,88149.0,0.2214,31246.0,96716.0,0.3231,46164.0,50552.0,0.5227,14833.0,16413.0,0.5253,96716.0,0.0,0.0
Cheshire East,3243.9192,386667.0,119.1975,0.0823,14.5108,19.6896,45.0353,19.0489,25.9865,23863.0,370127.0,0.0645,18161.0,370127.0,0.0491,61448.0,365065.0,0.1683,89148.0,386667.0,0.2306,311667.0,75000.0,0.194,2115.0,87033.0,0.9763,352844.0,33823.0,0.0875
Gwynedd,6990.5001,125171.0,17.9059,0.1279,16.8482,34.3111,136.2037,30.5744,105.6292,6802.0,121874.0,0.0558,6502.0,121874.0,0.0534,23986.0,117974.0,0.2033,28562.0,125171.0,0.2282,18165.0,107006.0,0.8549,16930.0,11632.0,0.4073,125171.0,0.0,0.0
South Norfolk,2445.5417,143066.0,58.5007,0.0777,13.1072,23.3241,103.091,22.2229,80.8681,6014.0,124012.0,0.0485,5557.0,124012.0,0.0448,21404.0,122219.0,0.1751,34409.0,143066.0,0.2405,51605.0,91461.0,0.6393,9158.0,25251.0,0.7338,143066.0,0.0,0.0
Woking,162.6536,100008.0,614.8525,0.0677,10.8522,15.5426,51.4859,15.4783,36.0076,24863.0,99198.0,0.2506,3363.0,99198.0,0.0339,12092.0,98282.0,0.123,17561.0,100008.0,0.1756,100008.0,0.0,0.0,0.0,17561.0,1.0,100008.0,0.0,0.0
Gosport,63.404,84679.0,1335.5474,0.1082,20.6865,21.4943,53.0641,21.4641,31.6,4621.0,82622.0,0.0559,4036.0,82622.0,0.0488,13772.0,81766.0,0.1684,17455.0,84679.0,0.2061,84679.0,0.0,0.0,0.0,17455.0,1.0,84679.0,0.0,0.0
Broadland,1500.9751,131931.0,87.8969,0.0714,11.7775,22.7183,103.6954,22.7877,80.9077,5064.0,124646.0,0.0406,5846.0,124646.0,0.0469,21791.0,122931.0,0.1773,34093.0,131931.0,0.2584,67370.0,64561.0,0.4894,2619.0,31474.0,0.9232,131931.0,0.0,0.0
Flintshire,1218.0914,156847.0,128.7646,0.123,15.4996,22.8204,72.5171,22.6044,49.9127,6321.0,152506.0,0.0414,8678.0,152506.0,0.0569,28915.0,151679.0,0.1906,33294.0,156847.0,0.2123,112253.0,44594.0,0.2843,0.0,33294.0,1.0,156847.0,0.0,0.0
Ceredigion,4767.4779,72895.0,15.2901,0.1175,17.1374,29.4157,145.4982,26.5283,118.9699,5205.0,75922.0,0.0686,4811.0,75922.0,0.0634,15358.0,71444.0,0.215,18668.0,72895.0,0.2561,16826.0,56069.0,0.7692,10134.0,8534.0,0.4571,72895.0,0.0,0.0
Torfaen,328.1632,94832.0,288.9781,0.178,23.6033,13.3808,39.883,13.683,26.2,2866.0,91075.0,0.0315,7903.0,91075.0,0.0868,21301.0,90360.0,0.2357,19543.0,94832.0,0.2061,86926.0,7906.0,0.0834,0.0,19543.0,1.0,94832.0,0.0,0.0
Harborough,1600.5351,95537.0,59.6907,0.0567,8.125,24.7039,54.6065,24.6674,29.9391,6140.0,85382.0,0.0719,2993.0,85382.0,0.0351,11791.0,84008.0,0.1404,20998.0,95537.0,0.2198,33006.0,62531.0,0.6545,2772.0,18226.0,0.868,88150.0,7387.0,0.0773
Warwick,756.0277,144909.0,191.6716,0.0693,11.9446,24.7122,25.1496,25.1496,0.0,22909.0,137648.0,0.1664,5549.0,137648.0,0.0403,19407.0,134590.0,0.1442,27275.0,144909.0,0.1882,130285.0,14624.0,0.1009,1637.0,25638.0,0.94,0.0,144909.0,1.0
Lichfield,900.6908,105637.0,117.2844,0.0837,12.6188,29.6379,57.1478,29.8375,27.3103,5391.0,100654.0,0.0536,5156.0,100654.0,0.0512,17253.0,98893.0,0.1745,25362.0,105637.0,0.2401,73055.0,32582.0,0.3084,14308.0,11054.0,0.4358,105637.0,0.0,0.0
Mid Suffolk,2318.8785,104857.0,45.2188,0.0707,13.176,27.5605,88.8722,27.0157,61.8565,3984.0,96731.0,0.0412,3825.0,96731.0,0.0395,15357.0,95254.0,0.1612,26039.0,104857.0,0.2483,27514.0,77343.0,0.7376,8560.0,17479.0,0.6713,104857.0,0.0,0.0
Monmouthshire,2218.1643,95164.0,42.9021,0.1,13.25,27.5811,54.7638,27.4082,27.3556,3561.0,91323.0,0.039,5416.0,91323.0,0.0593,17557.0,89694.0,0.1957,24340.0,95164.0,0.2558,53329.0,41835.0,0.4396,7392.0,16948.0,0.6963,76006.0,19158.0,0.2013
West Lindsey,3245.1866,96186.0,29.6396,0.1235,20.4274,23.6398,75.7485,24.1048,51.6437,3273.0,89250.0,0.0367,4782.0,89250.0,0.0536,16746.0,87850.0,0.1906,24240.0,96186.0,0.252,24465.0,71721.0,0.7456,4545.0,19695.0,0.8125,96186.0,0.0,0.0
Warrington,507.4817,209397.0,412.6198,0.1097,19.1176,21.9319,36.9924,21.726,15.2663,14260.0,202228.0,0.0705,10825.0,202228.0,0.0535,33202.0,198828.0,0.167,40052.0,209397.0,0.1913,187982.0,21415.0,0.1023,0.0,40052.0,1.0,170948.0,38449.0,0.1836
Cannock Chase,214.7253,101484.0,472.6224,0.1273,20.4297,26.1007,55.2836,25.8836,29.4,3420.0,97462.0,0.0351,6604.0,97462.0,0.0678,19635.0,96791.0,0.2029,19626.0,101484.0,0.1934,92085.0,9399.0,0.0926,5042.0,14584.0,0.7431,101484.0,0.0,0.0
Selby,1714.6623,91697.0,53.4782,0.0795,12.8007,27.1466,64.68,27.2422,37.4378,3763.0,83449.0,0.0451,3820.0,83449.0,0.0458,13226.0,82725.0,0.1599,18866.0,91697.0,0.2057,30047.0,61650.0,0.6723,2949.0,15917.0,0.8437,88439.0,3258.0,0.0355
Cambridge,108.1696,125063.0,1156.1755,0.0769,14.6727,12.6312,12.5105,12.5105,0.0,42125.0,123867.0,0.3401,4503.0,123867.0,0.0364,14697.0,107345.0,0.1369,16648.0,125063.0,0.1331,125063.0,0.0,0.0,0.0,16648.0,1.0,0.0,125063.0,1.0
Blaby,352.8237,101950.0,288.9545,0.0694,10.573,15.7006,46.7891,15.6165,31.1726,10754.0,93915.0,0.1145,3905.0,93915.0,0.0416,14275.0,92894.0,0.1537,20797.0,101950.0,0.204,81231.0,20719.0,0.2032,0.0,20797.0,1.0,100571.0,1379.0,0.0135
Cotswold,3045.0351,90264.0,29.643,0.0633,10.9622,32.4234,76.8715,32.0804,44.7911,4597.0,82881.0,0.0555,3161.0,82881.0,0.0381,12669.0,81319.0,0.1558,23658.0,90264.0,0.2621,20615.0,69649.0,0.7716,12342.0,11316.0,0.4783,87265.0,2999.0,0.0332
South Hams,2177.6776,87946.0,40.3852,0.0874,13.7748,30.2002,48.825,29.0884,19.7367,3459.0,83140.0,0.0416,4077.0,83140.0,0.049,15257.0,81805.0,0.1865,25120.0,87946.0,0.2856,16740.0,71206.0,0.8097,10163.0,14957.0,0.5954,33380.0,54566.0,0.6204
Thurrock,420.9687,175531.0,416.9693,0.1313,21.1524,16.436,44.0144,16.9658,27.0486,30118.0,157705.0,0.191,7516.0,157705.0,0.0477,24001.0,157072.0,0.1528,24098.0,175531.0,0.1373,152925.0,22606.0,0.1288,0.0,24098.0,1.0,169063.0,6468.0,0.0368
Tunbridge Wells,839.4989,118939.0,141.6786,0.073,11.3116,31.2746,78.5725,31.2017,47.3708,11934.0,115049.0,0.1037,4449.0,115049.0,0.0387,15235.0,112622.0,0.1353,23410.0,118939.0,0.1968,73824.0,45115.0,0.3793,16730.0,6680.0,0.2853,118939.0,0.0,0.0
Barnsley,930.5001,248071.0,266.5996,0.1698,30.0256,23.3414,46.7042,23.3968,23.3075,9057.0,231221.0,0.0392,19422.0,231221.0,0.084,53766.0,229539.0,0.2342,48660.0,248071.0,0.1962,225836.0,22235.0,0.0896,427.0,48233.0,0.9912,207154.0,40917.0,0.1649
Sunderland,414.6007,277846.0,670.1533,0.1927,30.6825,12.8757,37.8792,12.6887,25.1905,14297.0,275506.0,0.0519,23633.0,275506.0,0.0858,62510.0,271884.0,0.2299,55209.0,277846.0,0.1987,276197.0,1649.0,0.0059,0.0,55209.0,1.0,277846.0,0.0,0.0
Central Bedfordshire,1886.3406,294096.0,155.9082,0.0769,12.2379,17.9347,62.3754,17.7981,44.5772,26328.0,254381.0,0.1035,9800.0,254381.0,0.0385,35383.0,252120.0,0.1403,52632.0,294096.0,0.179,180860.0,113236.0,0.385,0.0,52632.0,1.0,294096.0,0.0,0.0
Lancaster,1669.7986,148119.0,88.7047,0.1267,23.9537,16.239,45.6812,15.1812,30.5,11751.0,138375.0,0.0849,8007.0,138375.0,0.0579,25275.0,129433.0,0.1953,29435.0,148119.0,0.1987,105176.0,42943.0,0.2899,0.0,29435.0,1.0,148119.0,0.0,0.0
City of London,7.4935,10938.0,1459.6557,0.0693,15.4842,10.9293,10.7663,10.7663,0.0,3132.0,7375.0,0.4247,246.0,7375.0,0.0334,835.0,7187.0,0.1162,1731.0,10938.0,0.1583,10938.0,0.0,0.0,0.0,1731.0,1.0,0.0,10938.0,1.0
Eden,6420.8404,53754.0,8.3718,0.0703,16.1912,38.8477,108.5998,38.325,70.2748,1555.0,52564.0,0.0296,2349.0,52564.0,0.0447,9026.0,51613.0,0.1749,14649.0,53754.0,0.2725,16543.0,37211.0,0.6922,14141.0,508.0,0.0347,53754.0,0.0,0.0
Worthing,81.2913,110727.0,1362.1022,0.1029,17.3997,10.0723,41.4842,9.8842,31.6,11046.0,104640.0,0.1056,5509.0,104640.0,0.0526,18603.0,102752.0,0.181,25145.0,110727.0,0.2271,110727.0,0.0,0.0,0.0,25145.0,1.0,110727.0,0.0,0.0
Trafford,298.1257,237579.0,796.9089,0.1075,16.1464,18.3848,20.1842,18.1156,2.0686,44378.0,226578.0,0.1959,11839.0,226578.0,0.0523,37410.0,225277.0,0.1661,41443.0,237579.0,0.1744,236129.0,1450.0,0.0061,0.0,41443.0,1.0,18002.0,219577.0,0.9242
Charnwood,760.3485,188416.0,247.8022,0.0841,13.2716,21.0392,51.7029,21.5005,30.2024,26122.0,166100.0,0.1573,6937.0,166100.0,0.0418,24575.0,158719.0,0.1548,34182.0,188416.0,0.1814,162370.0,26046.0,0.1382,0.0,34182.0,1.0,180083.0,8333.0,0.0442
Ipswich,104.0631,135979.0,1306.697,0.1421,26.0846,11.8494,88.5685,11.8685,76.7,22760.0,133384.0,0.1706,6760.0,133384.0,0.0507,22608.0,131262.0,0.1722,23179.0,135979.0,0.1705,135979.0,0.0,0.0,0.0,23179.0,1.0,135979.0,0.0,0.0
Nottingham,205.3817,337098.0,1641.3241,0.1963,34.7665,13.3855,12.6932,12.6932,0.0,105690.0,305680.0,0.3458,19729.0,305680.0,0.0645,53167.0,289738.0,0.1835,39125.0,337098.0,0.1161,337098.0,0.0,0.0,0.0,39125.0,1.0,0.0,337098.0,1.0
Hartlepool,280.3179,93836.0,334.7485,0.2275,34.8716,23.4397,70.1938,23.5938,46.6,3104.0,92028.0,0.0337,7488.0,92028.0,0.0814,20450.0,91091.0,0.2245,18371.0,93836.0,0.1958,91189.0,2647.0,0.0282,0.0,18371.0,1.0,93836.0,0.0,0.0
Forest of Dean,1377.8346,87107.0,63.2202,0.1071,18.068,29.87,73.3531,29.7082,43.6449,2734.0,81961.0,0.0334,4461.0,81961.0,0.0544,15301.0,80040.0,0.1912,21695.0,87107.0,0.2491,30266.0,56841.0,0.6525,11158.0,10537.0,0.4857,79662.0,7445.0,0.0855
Haringey,76.5748,266357.0,3478.3882,0.1714,28.1551,20.8423,22.1163,20.8715,1.2447,166502.0,254926.0,0.6531,14430.0,254926.0,0.0566,34707.0,253236.0,0.1371,28618.0,266357.0,0.1074,266357.0,0.0,0.0,0.0,28618.0,1.0,13209.0,253148.0,0.9504
Mole Valley,657.6068,87547.0,133.1297,0.0546,9.5201,16.8548,44.4482,16.9426,27.5057,8468.0,85375.0,0.0992,3041.0,85375.0,0.0356,11651.0,83985.0,0.1387,20882.0,87547.0,0.2385,64883.0,22664.0,0.2589,0.0,20882.0,1.0,87547.0,0.0,0.0
Wirral,440.5116,324336.0,736.2712,0.1756,29.8357,13.2085,40.6447,13.3447,27.3,16101.0,319783.0,0.0503,23983.0,319783.0,0.075,69157.0,316384.0,0.2186,71289.0,324336.0,0.2198,322935.0,1401.0,0.0043,0.0,71289.0,1.0,324336.0,0.0,0.0
Maldon,932.8487,65401.0,70.1089,0.0858,14.2577,32.2849,67.2225,32.3177,34.9048,2618.0,61629.0,0.0425,2928.0,61629.0,0.0475,10276.0,61097.0,0.1682,16644.0,65401.0,0.2545,22158.0,43243.0,0.6612,7924.0,8720.0,0.5239,65401.0,0.0,0.0
Oldham,402.8211,237628.0,589.9095,0.1976,33.9071,23.4196,47.2269,22.9831,24.2438,54942.0,224897.0,0.2443,15606.0,224897.0,0.0694,42727.0,223170.0,0.1915,38417.0,237628.0,0.1617,236305.0,1323.0,0.0056,2763.0,35654.0,0.9281,237628.0,0.0,0.0
Cheltenham,122.2671,116043.0,949.0945,0.0913,14.2393,18.805,65.2749,18.6749,46.6,13592.0,115732.0,0.1174,4621.0,115732.0,0.0399,16281.0,112148.0,0.1452,23118.0,116043.0,0.1992,116043.0,0.0,0.0,0.0,23118.0,1.0,116043.0,0.0,0.0
Tewkesbury,1089.7589,96624.0,88.6655,0.0779,12.1553,21.3846,67.033,20.6667,46.3663,4933.0,81943.0,0.0602,3511.0,81943.0,0.0428,12965.0,81053.0,0.16,21336.0,96624.0,0.2208,69572.0,27052.0,0.28,2821.0,18515.0,0.8678,96624.0,0.0,0.0
Copeland,2175.4348,68041.0,31.277,0.1295,25.0359,50.5864,126.2216,50.8691,75.3526,1924.0,70603.0,0.0273,4820.0,70603.0,0.0683,14403.0,69312.0,0.2078,15623.0,68041.0,0.2296,26359.0,41682.0,0.6126,15623.0,0.0,0.0,68041.0,0.0,0.0
Allerdale,3761.2998,97831.0,26.0099,0.1209,22.8467,38.1976,114.1961,38.5961,75.6,2337.0,96422.0,0.0242,6028.0,96422.0,0.0625,19143.0,94970.0,0.2016,24393.0,97831.0,0.2493,27771.0,70060.0,0.7161,19669.0,4724.0,0.1937,97831.0,0.0,0.0
East Devon,2034.3288,148080.0,72.7906,0.0818,12.8773,28.7348,88.1196,27.4495,60.6701,5015.0,132457.0,0.0379,6777.0,132457.0,0.0512,26162.0,129528.0,0.202,45104.0,148080.0,0.3046,59444.0,88636.0,0.5986,12963.0,32141.0,0.7126,148080.0,0.0,0.0
St. Helens,384.3518,181095.0,471.1699,0.1836,31.8182,16.4668,34.5725,16.5984,17.9741,5962.0,175308.0,0.034,14507.0,175308.0,0.0828,39205.0,173958.0,0.2254,37320.0,181095.0,0.2061,174152.0,6943.0,0.0383,0.0,37320.0,1.0,174065.0,7030.0,0.0388
South Gloucestershire,1283.7551,287816.0,224.1985,0.0736,11.6768,20.5658,25.5453,20.0148,5.5305,21156.0,262767.0,0.0805,11011.0,262767.0,0.0419,39034.0,258207.0,0.1512,54409.0,287816.0,0.189,248812.0,39004.0,0.1355,343.0,54066.0,0.9937,47233.0,240583.0,0.8359
Rochford,438.1614,87627.0,199.988,0.0734,10.5096,15.745,53.4184,15.5429,37.8755,3659.0,83287.0,0.0439,3596.0,83287.0,0.0432,13755.0,82736.0,0.1663,20377.0,87627.0,0.2325,77132.0,10495.0,0.1198,0.0,20377.0,1.0,87627.0,0.0,0.0
Lincoln,99.4281,100049.0,1006.2448,0.1529,26.7522,11.8957,68.7561,11.3561,57.4,9888.0,93541.0,0.1057,4991.0,93541.0,0.0534,16138.0,87880.0,0.1836,15316.0,100049.0,0.1531,100049.0,0.0,0.0,0.0,15316.0,1.0,100049.0,0.0,0.0
New Forest,1888.9655,179649.0,95.1044,0.0764,13.0107,22.0843,41.3003,21.4972,19.8031,9017.0,176462.0,0.0511,8618.0,176462.0,0.0488,31825.0,173491.0,0.1834,53170.0,179649.0,0.296,130423.0,49226.0,0.274,4526.0,48644.0,0.9149,91771.0,87878.0,0.4892
Reigate and Banstead,329.3275,149243.0,453.175,0.0671,11.2431,12.6906,46.7552,12.4646,34.2906,20743.0,137835.0,0.1505,5009.0,137835.0,0.0363,17183.0,134346.0,0.1279,27296.0,149243.0,0.1829,147358.0,1885.0,0.0126,0.0,27296.0,1.0,149243.0,0.0,0.0
Bracknell Forest,280.7996,124165.0,442.1836,0.0678,10.3629,17.9049,64.6284,17.8729,46.7555,17125.0,113205.0,0.1513,3677.0,113205.0,0.0325,13371.0,110512.0,0.121,18616.0,124165.0,0.1499,122661.0,1504.0,0.0121,0.0,18616.0,1.0,124165.0,0.0,0.0
North Devon,2747.3194,98170.0,35.733,0.1084,20.3551,19.4545,109.3119,18.7119,90.6,3835.0,93667.0,0.0409,5258.0,93667.0,0.0561,17399.0,91592.0,0.19,25121.0,98170.0,0.2559,43677.0,54493.0,0.5551,1955.0,23166.0,0.9222,98170.0,0.0,0.0
Horsham,1337.1576,145474.0,108.7935,0.0556,9.9855,27.3396,62.9047,28.1535,34.7511,10281.0,131301.0,0.0783,4634.0,131301.0,0.0353,18162.0,128633.0,0.1412,33327.0,145474.0,0.2291,57751.0,87723.0,0.603,12042.0,21285.0,0.6387,145474.0,0.0,0.0
Eastbourne,110.3217,103324.0,936.5698,0.1409,22.1269,10.2804,50.4312,10.2312,40.2,12509.0,99412.0,0.1258,6150.0,99412.0,0.0619,19350.0,96968.0,0.1996,26162.0,103324.0,0.2532,103324.0,0.0,0.0,0.0,26162.0,1.0,103324.0,0.0,0.0
Basingstoke and Deane,1618.1442,177760.0,109.8542,0.0716,12.8892,27.4228,68.606,26.9132,41.6928,19721.0,167799.0,0.1175,5801.0,167799.0,0.0346,21853.0,166468.0,0.1313,31320.0,177760.0,0.1762,130064.0,47696.0,0.2683,7549.0,23771.0,0.759,177760.0,0.0,0.0
Colchester,872.5051,197200.0,226.0159,0.0979,16.6481,15.6005,72.7889,14.3889,58.4,21621.0,173074.0,0.1249,7350.0,173074.0,0.0425,25851.0,167080.0,0.1547,34056.0,197200.0,0.1727,143077.0,54123.0,0.2745,0.0,34056.0,1.0,197200.0,0.0,0.0
Cherwell,1549.0598,151846.0,98.0246,0.0745,14.3156,31.6008,32.2814,31.49,0.7914,19377.0,141868.0,0.1366,5458.0,141868.0,0.0385,19111.0,138916.0,0.1376,28058.0,151846.0,0.1848,103263.0,48583.0,0.3199,15267.0,12791.0,0.4559,2311.0,149535.0,0.9848
Merthyr Tydfil,291.5413,60424.0,207.2571,0.2011,29.4768,13.5571,51.3792,13.3792,38.0,3167.0,58802.0,0.0539,6569.0,58802.0,0.1117,15368.0,58334.0,0.2634,11394.0,60424.0,0.1886,53875.0,6549.0,0.1084,0.0,11394.0,1.0,60424.0,0.0,0.0
Canterbury,788.0161,166762.0,211.6226,0.0994,16.8194,19.0108,88.3639,17.0639,71.3,18876.0,151145.0,0.1249,7832.0,151145.0,0.0518,25356.0,142562.0,0.1779,34625.0,166762.0,0.2076,140382.0,26380.0,0.1582,0.0,34625.0,1.0,166762.0,0.0,0.0
Tonbridge and Malling,612.6957,132571.0,216.3733,0.0813,13.5359,19.2897,67.6288,19.3722,48.2566,9143.0,120805.0,0.0757,4761.0,120805.0,0.0394,17233.0,119401.0,0.1443,25187.0,132571.0,0.19,85234.0,47337.0,0.3571,249.0,24938.0,0.9901,132571.0,0.0,0.0
Maidstone,1001.8813,173132.0,172.8069,0.0959,16.6758,15.8682,64.1858,15.3858,48.8,16908.0,155143.0,0.109,6832.0,155143.0,0.044,23127.0,152445.0,0.1517,33395.0,173132.0,0.1929,125691.0,47441.0,0.274,0.0,33395.0,1.0,173132.0,0.0,0.0
South Oxfordshire,1759.4555,143782.0,81.7196,0.0543,8.4383,24.503,49.4199,25.5342,23.8857,12174.0,134257.0,0.0907,4498.0,134257.0,0.0335,17526.0,131483.0,0.1333,30461.0,143782.0,0.2119,76154.0,67628.0,0.4704,5142.0,25319.0,0.8312,73971.0,69811.0,0.4855
East Staffordshire,1068.8343,120923.0,113.1354,0.1027,19.1164,22.0842,49.8405,21.4405,28.4,15729.0,113583.0,0.1385,5611.0,113583.0,0.0494,18970.0,111488.0,0.1702,23403.0,120923.0,0.1935,95141.0,25782.0,0.2132,1468.0,21935.0,0.9373,120923.0,0.0,0.0
Slough,83.8723,149577.0,1783.3899,0.1259,22.9341,23.1363,58.7372,23.1868,35.5504,91804.0,140205.0,0.6548,6297.0,140205.0,0.0449,18396.0,139697.0,0.1317,15557.0,149577.0,0.104,149577.0,0.0,0.0,0.0,15557.0,1.0,149577.0,0.0,0.0
Hyndburn,208.613,81133.0,388.9163,0.1842,34.7187,16.555,42.8102,16.6102,26.2,11900.0,80734.0,0.1474,6140.0,80734.0,0.0761,16963.0,80088.0,0.2118,15004.0,81133.0,0.1849,74705.0,6428.0,0.0792,0.0,15004.0,1.0,81133.0,0.0,0.0
Uttlesford,1684.0303,92759.0,55.0816,0.054,9.1875,29.3987,43.6571,29.4622,14.1949,6118.0,79443.0,0.077,2594.0,79443.0,0.0327,10386.0,78295.0,0.1327,18240.0,92759.0,0.1966,17716.0,75043.0,0.809,8177.0,10063.0,0.5517,35683.0,57076.0,0.6153
Test Valley,1592.4392,127163.0,79.8542,0.069,12.2524,23.1318,39.7353,23.7631,15.9722,8655.0,116398.0,0.0744,4384.0,116398.0,0.0377,16620.0,114478.0,0.1452,27878.0,127163.0,0.2192,87251.0,39912.0,0.3139,1981.0,25897.0,0.9289,84162.0,43001.0,0.3382
Carmarthenshire,6220.8646,190073.0,30.5541,0.149,20.9,18.5861,84.138,17.7674,66.3705,8186.0,183777.0,0.0445,15510.0,183777.0,0.0844,44951.0,181227.0,0.248,45693.0,190073.0,0.2404,94964.0,95109.0,0.5004,4451.0,41242.0,0.9026,190073.0,0.0,0.0
Halton,221.6954,129759.0,585.303,0.185,32.3304,18.4649,37.4315,18.3678,19.0638,4536.0,125746.0,0.0361,9865.0,125746.0,0.0785,26124.0,124874.0,0.2092,24105.0,129759.0,0.1858,127937.0,1822.0,0.014,0.0,24105.0,1.0,129759.0,0.0,0.0
Dudley,263.7919,322363.0,1222.0351,0.1586,24.4601,12.3599,37.0768,12.0822,24.9946,35875.0,312925.0,0.1146,20367.0,312925.0,0.0651,61482.0,310398.0,0.1981,65656.0,322363.0,0.2037,322363.0,0.0,0.0,0.0,65656.0,1.0,320781.0,1582.0,0.0049
North Lincolnshire,2398.759,172748.0,72.0156,0.1344,22.3696,16.7141,52.6561,15.7917,36.8645,12920.0,167446.0,0.0772,9662.0,167446.0,0.0577,30889.0,165871.0,0.1862,37294.0,172748.0,0.2159,97925.0,74823.0,0.4331,782.0,36512.0,0.979,150550.0,22198.0,0.1285
Oadby and Wigston,63.6832,57313.0,899.9711,0.0875,13.1788,13.9456,45.5288,13.9288,31.6,16536.0,56170.0,0.2944,2695.0,56170.0,0.048,9178.0,53765.0,0.1707,12374.0,57313.0,0.2159,57313.0,0.0,0.0,0.0,12374.0,1.0,57313.0,0.0,0.0
Croydon,221.6262,388563.0,1753.2357,0.1374,22.7068,19.7346,37.7649,19.8008,17.9641,191638.0,363378.0,0.5274,16687.0,363378.0,0.0459,50627.0,360230.0,0.1405,54048.0,388563.0,0.1391,388563.0,0.0,0.0,0.0,54048.0,1.0,212810.0,175753.0,0.4523
North East Derbyshire,768.2589,102216.0,133.0489,0.1135,17.6878,17.4175,44.5273,17.5005,27.0268,3055.0,99023.0,0.0309,6828.0,99023.0,0.069,21089.0,98240.0,0.2147,25398.0,102216.0,0.2485,84209.0,18007.0,0.1762,0.0,25398.0,1.0,100566.0,1650.0,0.0161
Southwark,74.2593,320017.0,4309.453,0.1607,25.7294,12.2778,12.2468,12.2468,0.0,173749.0,288283.0,0.6027,14140.0,288283.0,0.049,37716.0,282560.0,0.1335,27938.0,320017.0,0.0873,320017.0,0.0,0.0,0.0,27938.0,1.0,0.0,320017.0,1.0
Fenland,1476.5897,102080.0,69.1323,0.1415,25.6254,28.957,88.2738,28.814,59.4598,9111.0,95262.0,0.0956,5883.0,95262.0,0.0618,19182.0,93934.0,0.2042,23757.0,102080.0,0.2327,80298.0,21782.0,0.2134,11276.0,12481.0,0.5254,102080.0,0.0,0.0
Torridge,2472.6461,68719.0,27.7917,0.1211,23.1977,31.7231,117.4871,31.4502,86.037,1854.0,63839.0,0.029,3967.0,63839.0,0.0621,12739.0,62887.0,0.2026,19250.0,68719.0,0.2801,29860.0,38859.0,0.5655,8373.0,10877.0,0.565,65258.0,3461.0,0.0504
Bath and North East Somerset,899.7925,196357.0,218.2248,0.0781,11.7469,17.2733,49.9647,16.565,33.3997,17376.0,176016.0,0.0987,7429.0,176016.0,0.0422,26769.0,169977.0,0.1575,36991.0,196357.0,0.1884,157662.0,38695.0,0.1971,275.0,36716.0,0.9926,194607.0,1750.0,0.0089
Lewisham,90.3972,305309.0,3377.4164,0.164,26.7557,18.5669,24.3551,18.2496,6.1055,161439.0,275885.0,0.5852,14318.0,275885.0,0.0519,38377.0,273342.0,0.1404,29354.0,305309.0,0.0961,305309.0,0.0,0.0,0.0,29354.0,1.0,53565.0,251744.0,0.8246
Harrow,130.6578,252338.0,1931.2885,0.1096,15.1296,11.7619,36.4866,11.3866,25.1,165230.0,239056.0,0.6912,10927.0,239056.0,0.0457,33675.0,236970.0,0.1421,40634.0,252338.0,0.161,252338.0,0.0,0.0,0.0,40634.0,1.0,252338.0,0.0,0.0
Stoke-on-Trent,257.9166,256622.0,994.9805,0.193,34.9292,14.9682,14.5929,14.5929,0.0,33786.0,249008.0,0.1357,20008.0,249008.0,0.0804,54623.0,246075.0,0.222,44414.0,256622.0,0.1731,256622.0,0.0,0.0,0.0,44414.0,1.0,0.0,256622.0,1.0
Barnet,224.7472,399007.0,1775.3593,0.111,16.2031,21.8791,44.2344,21.3327,22.9017,194269.0,356386.0,0.5451,16253.0,356386.0,0.0456,47237.0,352597.0,0.134,58170.0,399007.0,0.1458,399007.0,0.0,0.0,872.0,57298.0,0.985,337315.0,61692.0,0.1546
Bury,281.9795,190708.0,676.3186,0.1471,24.0847,14.4516,36.9248,14.2352,22.6896,27163.0,185060.0,0.1468,10868.0,185060.0,0.0587,33248.0,183025.0,0.1817,35054.0,190708.0,0.1838,184640.0,6068.0,0.0318,0.0,35054.0,1.0,179547.0,11161.0,0.0585
Plymouth,196.2116,262839.0,1339.5694,0.149,26.7229,14.0578,13.9369,13.9369,0.0,18121.0,256384.0,0.0707,16696.0,256384.0,0.0651,49991.0,251100.0,0.1991,48960.0,262839.0,0.1863,262839.0,0.0,0.0,0.0,48960.0,1.0,0.0,262839.0,1.0
Wakefield,962.9645,351592.0,365.1142,0.1468,27.3594,16.9863,41.7156,16.8382,24.8774,23506.0,325837.0,0.0721,25034.0,325837.0,0.0768,69360.0,322264.0,0.2152,66961.0,351592.0,0.1905,292077.0,59515.0,0.1693,0.0,66961.0,1.0,351592.0,0.0,0.0
Rushmoor,99.6857,94387.0,946.8456,0.1056,16.0415,13.1443,58.8941,13.3941,45.5,18296.0,93807.0,0.195,3398.0,93807.0,0.0362,11829.0,91890.0,0.1287,14224.0,94387.0,0.1507,94387.0,0.0,0.0,0.0,14224.0,1.0,94387.0,0.0,0.0
Sedgemoor,1435.0435,123446.0,86.0225,0.1179,21.3671,23.9635,78.3192,23.9938,54.3254,5389.0,114588.0,0.047,6323.0,114588.0,0.0552,21477.0,113056.0,0.19,29738.0,123446.0,0.2409,69745.0,53701.0,0.435,2506.0,27232.0,0.9157,123446.0,0.0,0.0
Exeter,117.2722,133333.0,1136.953,0.0955,16.2503,11.0524,70.3559,10.8559,59.5,13760.0,117773.0,0.1168,5622.0,117773.0,0.0477,18416.0,111808.0,0.1647,21303.0,133333.0,0.1598,133333.0,0.0,0.0,0.0,21303.0,1.0,133333.0,0.0,0.0
Winchester,1669.7747,125925.0,75.4144,0.0577,9.669,15.8127,40.4865,14.9676,25.5189,9525.0,116595.0,0.0817,3997.0,116595.0,0.0343,15465.0,111542.0,0.1386,27099.0,125925.0,0.2152,53077.0,72848.0,0.5785,0.0,27099.0,1.0,125925.0,0.0,0.0
Rushcliffe,1123.3231,121416.0,108.0864,0.0593,7.1897,19.3531,18.8811,18.8811,0.0,10766.0,111129.0,0.0969,4439.0,111129.0,0.0399,16362.0,108804.0,0.1504,25539.0,121416.0,0.2103,53580.0,67836.0,0.5587,542.0,24997.0,0.9788,0.0,121416.0,1.0
Sheffield,1033.947,589214.0,569.8686,0.1566,27.3342,14.4093,13.654,13.3246,0.3294,105861.0,552698.0,0.1915,34372.0,552698.0,0.0622,100122.0,539064.0,0.1857,94714.0,589214.0,0.1607,581110.0,8104.0,0.0138,0.0,94714.0,1.0,7110.0,582104.0,0.9879
Hinckley and Bosworth,805.8173,113666.0,141.0568,0.0811,13.3946,22.531,38.7065,22.4692,16.2373,5638.0,105078.0,0.0537,4839.0,105078.0,0.0461,17250.0,104275.0,0.1654,25166.0,113666.0,0.2214,76912.0,36754.0,0.3234,988.0,24178.0,0.9607,58406.0,55260.0,0.4862
Ealing,143.2685,340341.0,2375.546,0.1409,22.7968,16.1095,36.4837,16.2211,20.2626,235414.0,338449.0,0.6956,16931.0,338449.0,0.05,45633.0,334725.0,0.1363,45661.0,340341.0,0.1342,340341.0,0.0,0.0,0.0,45661.0,1.0,274749.0,65592.0,0.1927
Dacorum,554.3364,155457.0,280.438,0.0855,13.1015,22.7041,63.1031,22.3632,40.7399,20310.0,144847.0,0.1402,5833.0,144847.0,0.0403,20383.0,142845.0,0.1427,27150.0,155457.0,0.1746,137027.0,18430.0,0.1186,1594.0,25556.0,0.9413,155457.0,0.0,0.0
Hillingdon,298.8162,309014.0,1034.1274,0.115,18.4489,18.4575,47.1824,18.9974,28.185,131020.0,273936.0,0.4783,12170.0,273936.0,0.0444,37842.0,267227.0,0.1416,42033.0,309014.0,0.136,301456.0,7558.0,0.0245,0.0,42033.0,1.0,309014.0,0.0,0.0
North Northamptonshire,2650.2731,350448.0,132.2309,0.1124,19.5788,26.9319,72.3915,27.2762,45.1153,39020.0,316851.0,0.1231,15596.0,316851.0,0.0492,52049.0,313004.0,0.1663,65607.0,350448.0,0.1872,245681.0,104767.0,0.299,19918.0,45689.0,0.6964,350448.0,0.0,0.0
Luton,113.7302,213528.0,1877.4968,0.1557,26.1443,12.2647,57.5859,12.0859,45.5,112671.0,203201.0,0.5545,10017.0,203201.0,0.0493,29646.0,201549.0,0.1471,26972.0,213528.0,0.1263,213528.0,0.0,0.0,0.0,26972.0,1.0,213528.0,0.0,0.0
Norwich,105.6715,142177.0,1345.4625,0.1622,27.5457,15.3101,94.0237,15.2237,78.8,20275.0,132512.0,0.153,7499.0,132512.0,0.0566,23377.0,127754.0,0.183,21369.0,142177.0,0.1503,142177.0,0.0,0.0,0.0,21369.0,1.0,142177.0,0.0,0.0
Boston,995.5478,70837.0,71.1538,0.1279,23.0241,44.1985,100.2003,43.8666,56.3337,10416.0,64637.0,0.1611,3862.0,64637.0,0.0597,12494.0,63736.0,0.196,14847.0,70837.0,0.2096,48127.0,22710.0,0.3206,14847.0,0.0,0.0,70837.0,0.0,0.0
Bolsover,446.5781,81305.0,182.0622,0.1473,25.1128,16.4894,44.988,16.4311,28.5569,2808.0,75866.0,0.037,6544.0,75866.0,0.0863,18134.0,75251.0,0.241,16417.0,81305.0,0.2019,44108.0,37197.0,0.4575,0.0,16417.0,1.0,81305.0,0.0,0.0
Tandridge,632.1335,88542.0,140.0685,0.0636,11.9273,22.1203,59.6411,21.9837,37.6575,8903.0,82998.0,0.1073,3118.0,82998.0,0.0376,11026.0,80916.0,0.1363,18507.0,88542.0,0.209,60142.0,28400.0,0.3208,660.0,17847.0,0.9643,88542.0,0.0,0.0
Mendip,1882.0445,116288.0,61.7881,0.0992,16.5564,32.8276,83.8331,32.6665,51.1666,6292.0,109279.0,0.0576,5237.0,109279.0,0.0479,18289.0,106031.0,0.1725,27765.0,116288.0,0.2388,64590.0,51698.0,0.4446,24074.0,3691.0,0.1329,116288.0,0.0,0.0
Buckinghamshire,4085.8305,547060.0,133.892,0.0672,10.1876,20.9916,58.288,21.3716,36.9164,95490.0,505283.0,0.189,17509.0,505283.0,0.0347,64402.0,497299.0,0.1295,104114.0,547060.0,0.1903,370908.0,176152.0,0.322,15536.0,88578.0,0.8508,525232.0,21828.0,0.0399
Newport,492.8111,156447.0,317.4584,0.1865,26.8685,15.4504,41.1233,15.4879,25.6355,18980.0,145736.0,0.1302,10720.0,145736.0,0.0736,29381.0,144103.0,0.2039,26654.0,156447.0,0.1704,139752.0,16695.0,0.1067,0.0,26654.0,1.0,153076.0,3371.0,0.0215
Craven,3420.7397,57338.0,16.7619,0.0675,12.7248,33.8616,59.0495,32.8736,26.1759,2567.0,55409.0,0.0463,2489.0,55409.0,0.0449,9319.0,54375.0,0.1714,15918.0,57338.0,0.2776,23519.0,33819.0,0.5898,8632.0,7286.0,0.4577,57338.0,0.0,0.0
Crawley,114.0561,112474.0,986.1283,0.1092,18.9563,21.7824,59.7953,21.7953,38.0,29709.0,106597.0,0.2787,4711.0,106597.0,0.0442,15236.0,105859.0,0.1439,15499.0,112474.0,0.1378,112474.0,0.0,0.0,0.0,15499.0,1.0,112474.0,0.0,0.0
Dartford,186.9406,114051.0,610.0921,0.0996,19.5382,11.6899,40.5604,11.1604,29.4,16899.0,97365.0,0.1736,4314.0,97365.0,0.0443,13919.0,96376.0,0.1444,15865.0,114051.0,0.1391,103757.0,10294.0,0.0903,0.0,15865.0,1.0,114051.0,0.0,0.0
Lewes,732.9676,103525.0,141.2409,0.099,15.7996,22.9929,35.4856,23.0616,12.424,7284.0,97502.0,0.0747,5249.0,97502.0,0.0538,17939.0,95880.0,0.1871,26881.0,103525.0,0.2597,79045.0,24480.0,0.2365,2167.0,24714.0,0.9194,31995.0,71530.0,0.6909
Havering,290.4005,260651.0,897.5569,0.1099,17.1085,11.914,11.8125,11.8125,0.0,39617.0,237232.0,0.167,12231.0,237232.0,0.0516,39523.0,235671.0,0.1677,46518.0,260651.0,0.1785,260651.0,0.0,0.0,0.0,46518.0,1.0,0.0,260651.0,1.0
Bexley,155.7916,249301.0,1600.2211,0.1066,16.4775,17.3946,47.0086,17.4913,29.5173,52747.0,231997.0,0.2274,11213.0,231997.0,0.0483,36051.0,230902.0,0.1561,41033.0,249301.0,0.1646,249301.0,0.0,0.0,0.0,41033.0,1.0,249301.0,0.0,0.0
South Ribble,322.3474,111086.0,344.6158,0.0912,15.3672,18.43,18.8069,18.4458,0.3611,5167.0,109057.0,0.0474,5597.0,109057.0,0.0513,18855.0,108225.0,0.1742,23965.0,111086.0,0.2157,109823.0,1263.0,0.0114,0.0,23965.0,1.0,1531.0,109555.0,0.9862
West Devon,2885.8639,56139.0,19.4531,0.0982,18.2024,29.7146,55.3577,30.4378,24.9199,1950.0,53553.0,0.0364,2752.0,53553.0,0.0514,9867.0,51914.0,0.1901,15915.0,56139.0,0.2835,12627.0,43512.0,0.7751,6712.0,9203.0,0.5783,22228.0,33911.0,0.6041
Wandsworth,88.1244,329735.0,3741.6978,0.1066,16.6553,12.3277,12.4471,12.4471,0.0,143256.0,306995.0,0.4666,11563.0,306995.0,0.0377,32204.0,301648.0,0.1068,32000.0,329735.0,0.097,329735.0,0.0,0.0,0.0,32000.0,1.0,0.0,329735.0,1.0
King's Lynn and West Norfolk,3887.2531,151245.0,38.9079,0.1213,23.9378,20.1843,84.1247,19.2247,64.9,11496.0,147451.0,0.078,9007.0,147451.0,0.0611,30235.0,145253.0,0.2082,39927.0,151245.0,0.264,64121.0,87124.0,0.576,3535.0,36392.0,0.9115,151245.0,0.0,0.0
Stafford,1638.4214,137858.0,84.1407,0.0782,13.7421,25.1527,33.9483,25.327,8.6213,9709.0,130869.0,0.0742,6613.0,130869.0,0.0505,22436.0,127609.0,0.1758,31150.0,137858.0,0.226,92543.0,45315.0,0.3287,4276.0,26874.0,0.8627,35050.0,102808.0,0.7458
Melton,1315.1845,51394.0,39.0774,0.0713,12.5131,31.8936,53.9837,31.8058,22.1779,2515.0,50376.0,0.0499,1840.0,50376.0,0.0365,7526.0,49916.0,0.1508,12049.0,51394.0,0.2344,27682.0,23712.0,0.4614,9504.0,2545.0,0.2112,36070.0,15324.0,0.2982
Stratford-on-Avon,2598.5398,132402.0,50.9525,0.0681,11.7026,34.2097,40.999,34.0604,6.9386,7705.0,120485.0,0.0639,5110.0,120485.0,0.0424,19316.0,118853.0,0.1625,33620.0,132402.0,0.2539,30325.0,102077.0,0.771,27926.0,5694.0,0.1694,25590.0,106812.0,0.8067
Gloucester,106.1068,129709.0,1222.4379,0.1275,21.9819,11.4403,58.2534,11.6534,46.6,18776.0,121688.0,0.1543,5950.0,121688.0,0.0489,19352.0,119955.0,0.1613,22126.0,129709.0,0.1706,129709.0,0.0,0.0,0.0,22126.0,1.0,129709.0,0.0,0.0
South Holland,2026.5443,95857.0,47.3007,0.1029,17.8091,28.9167,87.3739,28.7663,58.6075,8701.0,88270.0,0.0986,5382.0,88270.0,0.061,17398.0,87409.0,0.199,23292.0,95857.0,0.243,37761.0,58096.0,0.6061,9114.0,14178.0,0.6087,95857.0,0.0,0.0
Chelmsford,890.6137,179549.0,201.6014,0.0771,12.3902,16.8392,51.5942,16.3468,35.2474,16320.0,168310.0,0.097,6143.0,168310.0,0.0365,23279.0,166182.0,0.1401,34729.0,179549.0,0.1934,146460.0,33089.0,0.1843,0.0,34729.0,1.0,179549.0,0.0,0.0
Newcastle upon Tyne,344.363,306824.0,890.9899,0.1772,29.8572,12.6963,12.0444,11.8549,0.1895,50657.0,280177.0,0.1808,19130.0,280177.0,0.0683,50176.0,271212.0,0.185,44154.0,306824.0,0.1439,297061.0,9763.0,0.0318,0.0,44154.0,1.0,2795.0,304029.0,0.9909
Hertsmere,262.7951,105471.0,401.3432,0.0892,13.9749,19.4283,53.8709,19.2923,34.5786,24281.0,100031.0,0.2427,4153.0,100031.0,0.0415,13792.0,98478.0,0.1401,19352.0,105471.0,0.1835,90477.0,14994.0,0.1422,0.0,19352.0,1.0,105471.0,0.0,0.0
Thanet,264.4616,141458.0,534.8905,0.1852,31.3941,33.7163,105.1918,33.8918,71.3,12840.0,134186.0,0.0957,10060.0,134186.0,0.075,29583.0,131755.0,0.2245,34032.0,141458.0,0.2406,131850.0,9608.0,0.0679,28866.0,5166.0,0.1518,141458.0,0.0,0.0
Enfield,213.2871,333587.0,1564.0283,0.1712,25.854,28.285,34.3406,28.0678,6.2728,186016.0,312466.0,0.5953,17022.0,312466.0,0.0545,46108.0,310066.0,0.1487,44837.0,333587.0,0.1344,331830.0,1757.0,0.0053,13618.0,31219.0,0.6963,75477.0,258110.0,0.7737
Derbyshire Dales,2206.8494,72422.0,32.8169,0.068,11.912,27.0537,51.2769,26.9456,24.3313,2281.0,71116.0,0.0321,3228.0,71116.0,0.0454,12491.0,69562.0,0.1796,19926.0,72422.0,0.2751,15963.0,56459.0,0.7796,3533.0,16393.0,0.8227,63384.0,9038.0,0.1248
Merton,96.6097,206453.0,2136.9793,0.0996,14.5449,14.4078,14.7284,13.9846,0.7438,103035.0,199693.0,0.516,7679.0,199693.0,0.0385,24245.0,198217.0,0.1223,26634.0,206453.0,0.129,206453.0,0.0,0.0,0.0,26634.0,1.0,5861.0,200592.0,0.9716
Darlington,586.1067,107402.0,183.2465,0.1534,25.6846,27.0707,73.6906,27.0906,46.6,6666.0,105564.0,0.0631,6203.0,105564.0,0.0588,19536.0,104111.0,0.1876,22131.0,107402.0,0.2061,92193.0,15209.0,0.1416,1646.0,20485.0,0.9256,107402.0,0.0,0.0
Nuneaton and Bedworth,212.8951,130373.0,612.3813,0.1357,23.5538,18.5084,18.7165,18.7165,0.0,13873.0,125252.0,0.1108,7778.0,125252.0,0.0621,23607.0,124410.0,0.1898,25170.0,130373.0,0.1931,130373.0,0.0,0.0,0.0,25170.0,1.0,0.0,130373.0,1.0
North Norfolk,2639.864,105167.0,39.838,0.1055,20.9593,39.9212,117.5913,39.4265,78.1648,3498.0,101499.0,0.0345,6247.0,101499.0,0.0615,22213.0,99023.0,0.2243,35250.0,105167.0,0.3352,12932.0,92235.0,0.877,33737.0,1513.0,0.0429,105167.0,0.0,0.0
Stockport,354.1264,294197.0,830.7682,0.1221,21.21,13.5562,40.8064,13.5064,27.3,31231.0,283275.0,0.1102,15923.0,283275.0,0.0562,50151.0,280915.0,0.1785,58933.0,294197.0,0.2003,294197.0,0.0,0.0,0.0,58933.0,1.0,294197.0,0.0,0.0
Brighton and Hove,207.2018,291738.0,1407.9894,0.123,20.9175,14.0205,13.5702,13.5702,0.0,53351.0,273369.0,0.1952,14428.0,273369.0,0.0528,42430.0,266059.0,0.1595,39017.0,291738.0,0.1337,291738.0,0.0,0.0,0.0,39017.0,1.0,0.0,291738.0,1.0
East Hertfordshire,1245.9518,151786.0,121.8233,0.0595,8.2127,29.653,56.3538,30.0437,26.3101,13421.0,137687.0,0.0975,4631.0,137687.0,0.0336,17092.0,135762.0,0.1259,27679.0,151786.0,0.1824,105357.0,46429.0,0.3059,13576.0,14103.0,0.5095,102288.0,49498.0,0.3261
Amber Valley,732.8452,128829.0,175.7929,0.1085,17.972,20.6396,45.8007,20.6152,25.1855,4321.0,122309.0,0.0353,7352.0,122309.0,0.0601,23772.0,121167.0,0.1962,28847.0,128829.0,0.2239,104410.0,24419.0,0.1895,0.0,28847.0,1.0,112191.0,16638.0,0.1291
Swindon,595.1819,222881.0,374.4754,0.1088,18.5854,13.9428,63.9523,14.1523,49.8,32128.0,209156.0,0.1536,9578.0,209156.0,0.0458,31366.0,207858.0,0.1509,36873.0,222881.0,0.1654,199549.0,23332.0,0.1047,0.0,36873.0,1.0,222881.0,0.0,0.0
Rhondda Cynon Taf,1100.7174,241873.0,219.7412,0.1932,26.6123,20.6148,43.6192,20.6164,23.0029,8694.0,234410.0,0.0371,22504.0,234410.0,0.096,58844.0,231885.0,0.2538,46755.0,241873.0,0.1933,182215.0,59658.0,0.2467,1221.0,45534.0,0.9739,171685.0,70188.0,0.2902
Stockton-on-Tees,605.6798,197419.0,325.9461,0.1631,25.7616,14.2607,63.0355,14.1905,48.845,12645.0,191610.0,0.066,12132.0,191610.0,0.0633,34654.0,187959.0,0.1844,36948.0,197419.0,0.1872,189285.0,8134.0,0.0412,0.0,36948.0,1.0,197419.0,0.0,0.0
Ashford,1471.483,131018.0,89.0381,0.1105,18.679,33.2763,95.3021,32.5823,62.7197,12458.0,117956.0,0.1056,5416.0,117956.0,0.0459,18381.0,116993.0,0.1571,25773.0,131018.0,0.1967,82411.0,48607.0,0.371,18077.0,7696.0,0.2986,131018.0,0.0,0.0
Waverley,876.4804,126556.0,144.3911,0.0545,7.5093,28.0539,71.1329,27.5375,43.5954,11382.0,121572.0,0.0936,3959.0,121572.0,0.0326,15338.0,117219.0,0.1308,28295.0,126556.0,0.2236,91510.0,35046.0,0.2769,11219.0,17076.0,0.6035,126556.0,0.0,0.0
Middlesbrough,159.8119,141285.0,884.0705,0.2501,40.3491,11.7163,69.9584,11.5584,58.4,19306.0,138412.0,0.1395,10543.0,138412.0,0.0762,27744.0,136156.0,0.2038,23214.0,141285.0,0.1643,141285.0,0.0,0.0,0.0,23214.0,1.0,141285.0,0.0,0.0
Southampton,125.4443,252872.0,2015.8102,0.1354,26.9198,13.6246,13.4036,13.4036,0.0,52902.0,236882.0,0.2233,12071.0,236882.0,0.051,36969.0,228459.0,0.1618,33978.0,252872.0,0.1344,252872.0,0.0,0.0,0.0,33978.0,1.0,0.0,252872.0,1.0
East Cambridgeshire,1742.4602,90172.0,51.7498,0.0698,11.5842,32.121,50.1379,32.4103,17.7276,8600.0,83818.0,0.1026,3326.0,83818.0,0.0397,12420.0,83056.0,0.1495,18656.0,90172.0,0.2069,24610.0,65562.0,0.7271,13876.0,4780.0,0.2562,30825.0,59347.0,0.6582
East Lindsey,4909.9184,142030.0,28.9272,0.1623,29.8264,51.5416,107.1963,50.7441,56.4523,4684.0,136401.0,0.0343,11208.0,136401.0,0.0822,33790.0,133400.0,0.2533,43159.0,142030.0,0.3039,55990.0,86040.0,0.6058,42432.0,727.0,0.0168,142030.0,0.0,0.0
West Suffolk,2759.4471,177302.0,64.2527,0.0802,16.1747,22.3404,58.1226,23.2258,34.8968,23375.0,170756.0,0.1369,7308.0,170756.0,0.0428,25885.0,166117.0,0.1558,38364.0,177302.0,0.2164,108528.0,68774.0,0.3879,7082.0,31282.0,0.8154,135984.0,41318.0,0.233
Wealden,2102.7459,162733.0,77.3907,0.0736,12.3961,25.2925,66.3828,25.809,40.5738,9170.0,148915.0,0.0616,6631.0,148915.0,0.0445,24390.0,146039.0,0.167,42680.0,162733.0,0.2623,91220.0,71513.0,0.4394,16047.0,26633.0,0.624,162733.0,0.0,0.0
South Lakeland,4556.6002,104905.0,23.0226,0.0632,12.4973,31.9731,81.3417,31.9515,49.3902,4569.0,103658.0,0.0441,4695.0,103658.0,0.0453,18447.0,100514.0,0.1835,30095.0,104905.0,0.2869,41248.0,63657.0,0.6068,19821.0,10274.0,0.3414,104905.0,0.0,0.0
Blaenau Gwent,283.7534,70020.0,246.7635,0.2201,31.786,20.8502,56.285,20.9876,35.2974,1860.0,69814.0,0.0266,7464.0,69814.0,0.1069,18479.0,69239.0,0.2669,14177.0,70020.0,0.2025,62728.0,7292.0,0.1041,0.0,14177.0,1.0,70020.0,0.0,0.0
Newark and Sherwood,1806.4059,123127.0,68.1613,0.1088,19.2919,26.6397,67.7613,26.418,41.3433,6609.0,114817.0,0.0576,6767.0,114817.0,0.0589,22126.0,112526.0,0.1966,27580.0,123127.0,0.224,55434.0,67693.0,0.5498,10629.0,16951.0,0.6146,117375.0,5752.0,0.0467
Richmondshire,3878.6529,53732.0,13.8533,0.0592,12.0807,46.8739,91.0538,45.2452,45.8087,3449.0,51965.0,0.0664,1916.0,51965.0,0.0369,7443.0,47344.0,0.1572,11690.0,53732.0,0.2176,14984.0,38748.0,0.7211,11690.0,0.0,0.0,53732.0,0.0,0.0
Tameside,290.9321,227117.0,780.6529,0.1777,31.7363,21.3809,48.0845,21.359,26.7256,25209.0,219324.0,0.1149,15993.0,219324.0,0.0729,44504.0,217736.0,0.2044,39976.0,227117.0,0.176,227117.0,0.0,0.0,0.0,39976.0,1.0,222338.0,4779.0,0.021
Reading,103.9211,160337.0,1542.8724,0.1147,19.786,11.7082,60.8051,11.0051,49.8,53973.0,155698.0,0.3467,5846.0,155698.0,0.0375,19140.0,151330.0,0.1265,20335.0,160337.0,0.1268,160337.0,0.0,0.0,0.0,20335.0,1.0,160337.0,0.0,0.0
Ashfield,303.4872,128337.0,422.8745,0.1522,26.4117,13.9185,42.1813,13.8392,28.3421,4753.0,119497.0,0.0398,8560.0,119497.0,0.0716,25666.0,118213.0,0.2171,24919.0,128337.0,0.1942,128337.0,0.0,0.0,0.0,24919.0,1.0,123719.0,4618.0,0.036
Swale,954.8979,151015.0,158.1478,0.1511,27.5826,26.6879,80.8619,26.7031,54.1588,9705.0,135835.0,0.0714,7800.0,135835.0,0.0574,24124.0,133380.0,0.1809,29110.0,151015.0,0.1928,112607.0,38408.0,0.2543,7032.0,22078.0,0.7584,151015.0,0.0,0.0
Isle of Anglesey,1995.5691,70440.0,35.2982,0.151,18.2905,24.7928,128.5654,25.0654,103.5,2402.0,69751.0,0.0344,4409.0,69751.0,0.0632,15507.0,68941.0,0.2249,18639.0,70440.0,0.2646,12060.0,58380.0,0.8288,6151.0,12488.0,0.67,70440.0,0.0,0.0
Harlow,79.6227,87280.0,1096.1703,0.1345,21.3308,30.8564,30.9027,30.9027,0.0,13229.0,81944.0,0.1614,4392.0,81944.0,0.0536,13669.0,81551.0,0.1676,13416.0,87280.0,0.1537,87280.0,0.0,0.0,10426.0,2990.0,0.2229,0.0,87280.0,1.0
Somerset West and Taunton,3011.3602,155421.0,51.6116,0.1034,19.1172,21.8953,86.4655,19.6687,66.7968,8613.0,144862.0,0.0595,7607.0,144862.0,0.0525,26404.0,140134.0,0.1884,40680.0,155421.0,0.2617,101487.0,53934.0,0.347,11717.0,28963.0,0.712,155421.0,0.0,0.0
Scarborough,2402.0905,108737.0,45.2677,0.1464,26.3666,53.0618,100.5736,53.1498,47.4239,5168.0,108793.0,0.0475,7243.0,108793.0,0.0666,23190.0,106427.0,0.2179,30204.0,108737.0,0.2778,74271.0,34466.0,0.317,30204.0,0.0,0.0,107172.0,1565.0,0.0144
Torbay,155.0236,136218.0,878.6921,0.1743,28.2535,14.4954,65.6584,13.6584,52.0,6797.0,130959.0,0.0519,9892.0,130959.0,0.0755,29431.0,127908.0,0.2301,37143.0,136218.0,0.2727,136218.0,0.0,0.0,0.0,37143.0,1.0,136218.0,0.0,0.0
Hastings,74.5752,92554.0,1241.0831,0.204,34.5839,34.6788,74.795,34.595,40.2,9630.0,90254.0,0.1067,6715.0,90254.0,0.0744,18554.0,88562.0,0.2095,19119.0,92554.0,0.2066,92554.0,0.0,0.0,18874.0,245.0,0.0128,92554.0,0.0,0.0
Hounslow,144.0939,271767.0,1886.041,0.1292,21.5679,19.8356,32.5575,20.0063,12.5512,157693.0,253957.0,0.6209,11899.0,253957.0,0.0469,34266.0,251961.0,0.136,34119.0,271767.0,0.1255,271767.0,0.0,0.0,0.0,34119.0,1.0,102238.0,169529.0,0.6238
Dorset,6235.4335,379791.0,60.9085,0.0886,15.7643,23.8142,84.4721,23.8069,60.6652,16217.0,365153.0,0.0444,17963.0,365153.0,0.0492,68525.0,356068.0,0.1924,111765.0,379791.0,0.2943,207231.0,172560.0,0.4544,23144.0,88621.0,0.7929,379791.0,0.0,0.0
Tamworth,83.6674,76864.0,918.6847,0.1258,21.0017,33.0997,52.6,32.9132,19.6867,3829.0,76813.0,0.0498,4406.0,76813.0,0.0574,13426.0,76446.0,0.1756,14843.0,76864.0,0.1931,76864.0,0.0,0.0,14843.0,0.0,0.0,76864.0,0.0,0.0
Calderdale,1038.14,211439.0,203.671,0.1496,26.4801,15.55,45.2154,15.1126,30.1028,27094.0,203826.0,0.1329,11279.0,203826.0,0.0553,35370.0,202376.0,0.1748,40223.0,211439.0,0.1902,176669.0,34770.0,0.1644,2444.0,37779.0,0.9392,211439.0,0.0,0.0
Castle Point,116.3183,90524.0,778.244,0.107,16.789,17.3652,46.9593,17.223,29.7364,4068.0,88011.0,0.0462,4982.0,88011.0,0.0566,16176.0,87385.0,0.1851,23093.0,90524.0,0.2551,90524.0,0.0,0.0,0.0,23093.0,1.0,90524.0,0.0,0.0
Folkestone and Hythe,901.3275,113320.0,125.7257,0.1436,23.9696,34.7465,104.5946,33.2946,71.3,9940.0,107969.0,0.0921,6928.0,107969.0,0.0642,21332.0,106151.0,0.201,28298.0,113320.0,0.2497,69323.0,43997.0,0.3883,15829.0,12469.0,0.4406,113320.0,0.0,0.0
Neath Port Talbot,1148.9588,144386.0,125.6668,0.1928,27.3382,19.5969,68.1888,19.5194,48.6694,4362.0,139812.0,0.0312,14629.0,139812.0,0.1046,38068.0,138682.0,0.2745,30254.0,144386.0,0.2095,112688.0,31698.0,0.2195,489.0,29765.0,0.9838,144386.0,0.0,0.0
North Hertfordshire,987.2643,133463.0,135.1847,0.0786,11.5986,15.2407,53.6706,14.9339,38.7367,19225.0,127114.0,0.1512,4988.0,127114.0,0.0392,18090.0,125817.0,0.1438,25856.0,133463.0,0.1937,110567.0,22896.0,0.1716,0.0,25856.0,1.0,132223.0,1240.0,0.0093
North Warwickshire,767.9317,65452.0,85.2315,0.0978,18.075,27.6674,35.6163,27.7691,7.8472,2515.0,62014.0,0.0406,3706.0,62014.0,0.0598,11420.0,61468.0,0.1858,14286.0,65452.0,0.2183,17330.0,48122.0,0.7352,3775.0,10511.0,0.7358,27466.0,37986.0,0.5804
North Somerset,961.4934,215574.0,224.2075,0.1021,16.0833,20.6299,58.8264,20.3356,38.4907,12013.0,202566.0,0.0593,10658.0,202566.0,0.0526,36054.0,199225.0,0.181,52003.0,215574.0,0.2412,178326.0,37248.0,0.1728,6214.0,45789.0,0.8805,191189.0,24385.0,0.1131
Cornwall,8726.3741,573299.0,65.6973,0.13,23.059,30.7434,90.4194,29.8692,60.5502,22645.0,532273.0,0.0425,33528.0,532273.0,0.063,108744.0,523432.0,0.2078,144840.0,573299.0,0.2526,228899.0,344400.0,0.6007,79697.0,65143.0,0.4498,456106.0,117193.0,0.2044
Wyre,812.5096,113067.0,139.1577,0.1244,20.7157,17.7726,40.3431,17.7127,22.6304,3498.0,107749.0,0.0325,7735.0,107749.0,0.0718,24614.0,105962.0,0.2323,31531.0,113067.0,0.2789,79540.0,33527.0,0.2965,0.0,31531.0,1.0,100502.0,12565.0,0.1111
Doncaster,1606.4671,312785.0,194.7036,0.1663,30.5471,14.166,47.5564,13.8564,33.7,24662.0,302402.0,0.0816,21933.0,302402.0,0.0725,62844.0,297200.0,0.2115,60324.0,312785.0,0.1929,267233.0,45552.0,0.1456,0.0,60324.0,1.0,312785.0,0.0,0.0
Westminster,55.4093,269848.0,4870.087,0.13,19.875,12.1482,12.0941,12.0941,0.0,142062.0,219396.0,0.6475,12754.0,219396.0,0.0581,29759.0,213208.0,0.1396,33900.0,269848.0,0.1256,269848.0,0.0,0.0,0.0,33900.0,1.0,0.0,269848.0,1.0
Broxtowe,220.7124,114627.0,519.35,0.0972,14.3074,15.5515,16.2847,15.249,1.0357,11486.0,109487.0,0.1049,5766.0,109487.0,0.0527,19892.0,108570.0,0.1832,24261.0,114627.0,0.2117,114627.0,0.0,0.0,0.0,24261.0,1.0,4038.0,110589.0,0.9648
Ribble Valley,1681.9145,62026.0,36.8782,0.0573,10.6291,24.3484,45.6432,24.507,21.1362,2375.0,57132.0,0.0416,2292.0,57132.0,0.0401,8839.0,55951.0,0.158,14712.0,62026.0,0.2372,22130.0,39896.0,0.6432,1631.0,13081.0,0.8891,50038.0,11988.0,0.1933
Erewash,301.4196,115332.0,382.6294,0.1209,18.9068,19.0933,23.9057,19.1222,4.7836,5408.0,112081.0,0.0483,6304.0,112081.0,0.0562,20747.0,110939.0,0.187,23809.0,115332.0,0.2064,115332.0,0.0,0.0,0.0,23809.0,1.0,19426.0,95906.0,0.8316
Rossendale,393.2063,71432.0,181.6654,0.1451,23.9947,22.213,46.7404,22.3556,24.3848,5466.0,67982.0,0.0804,4433.0,67982.0,0.0652,12860.0,67262.0,0.1912,13549.0,71432.0,0.1897,69555.0,1877.0,0.0263,0.0,13549.0,1.0,71432.0,0.0,0.0
Malvern Hills,1533.6163,79445.0,51.8024,0.0907,15.9377,24.1389,61.6153,23.864,37.7513,3612.0,74631.0,0.0484,3955.0,74631.0,0.053,13603.0,72422.0,0.1878,22407.0,79445.0,0.282,37875.0,41570.0,0.5233,3334.0,19073.0,0.8512,79445.0,0.0,0.0
Fareham,186.2231,116338.0,624.7237,0.0563,9.0263,17.5889,49.2077,17.6077,31.6,5918.0,111581.0,0.053,4489.0,111581.0,0.0402,17342.0,110125.0,0.1575,27827.0,116338.0,0.2392,116338.0,0.0,0.0,0.0,27827.0,1.0,116338.0,0.0,0.0
Bromley,384.8107,332752.0,864.7161,0.092,14.262,15.274,47.4463,15.7743,31.6719,69914.0,309392.0,0.226,12722.0,309392.0,0.0411,44386.0,307023.0,0.1446,58115.0,332752.0,0.1746,329509.0,3243.0,0.0097,0.0,58115.0,1.0,302842.0,29910.0,0.0899
Powys,13893.3106,133030.0,9.5751,0.1076,15.7502,44.1326,110.7412,44.1576,66.5836,5203.0,132976.0,0.0391,8149.0,132976.0,0.0613,27235.0,131047.0,0.2078,36801.0,133030.0,0.2766,18085.0,114945.0,0.8641,32017.0,4784.0,0.13,133030.0,0.0,0.0
Havant,138.7729,126339.0,910.401,0.1257,21.7979,16.6574,47.7472,16.1472,31.6,5765.0,120684.0,0.0478,6747.0,120684.0,0.0559,22286.0,119422.0,0.1866,29979.0,126339.0,0.2373,123668.0,2671.0,0.0211,0.0,29979.0,1.0,126339.0,0.0,0.0
Wiltshire,8320.773,504070.0,60.5797,0.0779,13.4123,27.436,67.7584,27.5543,40.2041,31256.0,470981.0,0.0664,19080.0,470981.0,0.0405,71141.0,457954.0,0.1553,110358.0,504070.0,0.2189,263872.0,240198.0,0.4765,54000.0,56358.0,0.5107,504070.0,0.0,0.0
Mid Sussex,843.2808,152142.0,180.4168,0.0531,7.7305,29.8625,43.6116,30.0275,13.5841,13519.0,139860.0,0.0967,4950.0,139860.0,0.0354,18423.0,137291.0,0.1342,31279.0,152142.0,0.2056,128077.0,24065.0,0.1582,13864.0,17415.0,0.5568,54387.0,97755.0,0.6425
Sandwell,230.8347,329042.0,1425.4442,0.2173,35.1273,11.6036,30.7029,11.6067,19.0961,105241.0,308063.0,0.3416,23713.0,308063.0,0.077,62574.0,305928.0,0.2045,49298.0,329042.0,0.1498,329042.0,0.0,0.0,0.0,49298.0,1.0,311454.0,17588.0,0.0535
South Kesteven,2581.855,143225.0,55.4737,0.0909,13.3779,31.7511,68.3986,32.1129,36.2857,8527.0,133788.0,0.0637,6397.0,133788.0,0.0478,22161.0,132493.0,0.1673,33556.0,143225.0,0.2343,99620.0,43605.0,0.3045,17616.0,15940.0,0.475,92032.0,51193.0,0.3574
Isle of Wight,946.2206,142296.0,150.3835,0.138,23.3603,19.6243,136.1055,18.6055,117.5,7166.0,138265.0,0.0518,8953.0,138265.0,0.0648,28739.0,133713.0,0.2149,40858.0,142296.0,0.2871,99633.0,42663.0,0.2998,0.0,40858.0,1.0,142296.0,0.0,0.0
Lambeth,68.9702,321813.0,4665.973,0.1525,25.3934,12.9214,12.7434,12.7434,0.0,184836.0,303086.0,0.6098,14286.0,303086.0,0.0471,36962.0,300101.0,0.1232,28050.0,321813.0,0.0872,321813.0,0.0,0.0,0.0,28050.0,1.0,0.0,321813.0,1.0
Wolverhampton,187.9222,264407.0,1407.0026,0.2146,32.6151,12.6411,41.3429,12.328,29.0149,88525.0,249470.0,0.3549,17943.0,249470.0,0.0719,49300.0,245526.0,0.2008,43806.0,264407.0,0.1657,264407.0,0.0,0.0,0.0,43806.0,1.0,264407.0,0.0,0.0
Hart,549.8582,97608.0,177.5148,0.0419,5.6176,17.0917,62.6866,17.1338,45.5529,8499.0,91033.0,0.0934,2402.0,91033.0,0.0264,10471.0,89369.0,0.1172,19544.0,97608.0,0.2002,64809.0,32799.0,0.336,0.0,19544.0,1.0,97608.0,0.0,0.0
East Riding of Yorkshire,6920.009,343201.0,49.5955,0.0953,15.5213,29.7184,36.9218,28.7688,8.153,12870.0,334179.0,0.0385,18010.0,334179.0,0.0539,59957.0,326951.0,0.1834,90631.0,343201.0,0.2641,194461.0,148740.0,0.4334,37061.0,53570.0,0.5911,73079.0,270122.0,0.7871
Blackpool,100.0175,138381.0,1383.568,0.25,45.487,11.7162,36.4847,11.3847,25.1,9023.0,142065.0,0.0635,13466.0,142065.0,0.0948,34310.0,137960.0,0.2487,28433.0,138381.0,0.2055,138381.0,0.0,0.0,0.0,28433.0,1.0,138381.0,0.0,0.0
Redditch,144.84,85568.0,590.7761,0.1236,22.4736,28.0771,34.234,28.0259,6.2081,10623.0,84214.0,0.1261,4556.0,84214.0,0.0541,13984.0,83745.0,0.167,16006.0,85568.0,0.1871,84191.0,1377.0,0.0161,588.0,15418.0,0.9633,14797.0,70771.0,0.8271
Eastleigh,200.758,135520.0,675.0418,0.0655,10.2393,18.3033,22.8782,18.2385,4.6397,10326.0,125199.0,0.0825,4910.0,125199.0,0.0392,18280.0,124266.0,0.1471,26764.0,135520.0,0.1975,124147.0,11373.0,0.0839,0.0,26764.0,1.0,26646.0,108874.0,0.8034
Sutton,112.3629,207707.0,1848.5377,0.096,14.1166,16.4903,30.6018,16.6075,13.9944,55292.0,190146.0,0.2908,7788.0,190146.0,0.041,25958.0,188695.0,0.1376,31916.0,207707.0,0.1537,207707.0,0.0,0.0,0.0,31916.0,1.0,110944.0,96763.0,0.4659
Shropshire,8672.119,325415.0,37.5243,0.0955,17.0804,29.0448,76.8159,28.3423,48.4736,14082.0,306129.0,0.046,15436.0,306129.0,0.0504,53479.0,298183.0,0.1793,81216.0,325415.0,0.2496,138757.0,186658.0,0.5736,26790.0,54426.0,0.6701,319966.0,5449.0,0.0167
Cardiff,362.2078,369202.0,1019.3098,0.1632,23.0944,12.2362,12.3648,12.3648,0.0,68292.0,346090.0,0.1973,22270.0,346090.0,0.0643,59791.0,334551.0,0.1787,52807.0,369202.0,0.143,364371.0,4831.0,0.0131,0.0,52807.0,1.0,0.0,369202.0,1.0
Tower Hamlets,50.8964,331969.0,6522.442,0.1876,27.476,10.194,10.3396,10.3396,0.0,174865.0,254096.0,0.6882,15357.0,254096.0,0.0604,33608.0,250343.0,0.1342,21771.0,331969.0,0.0656,331969.0,0.0,0.0,0.0,21771.0,1.0,0.0,331969.0,1.0
Breckland,3529.2055,141255.0,40.0246,0.1009,19.8358,29.2594,98.3645,29.024,69.3404,11458.0,130491.0,0.0878,7166.0,130491.0,0.0549,24013.0,127632.0,0.1881,35743.0,141255.0,0.253,60629.0,80626.0,0.5708,13989.0,21754.0,0.6086,141255.0,0.0,0.0
Richmond upon Thames,147.5594,198141.0,1342.7882,0.0641,9.4154,19.6722,32.9145,19.675,13.2395,53408.0,186990.0,0.2856,6023.0,186990.0,0.0322,20294.0,184098.0,0.1102,31982.0,198141.0,0.1614,198141.0,0.0,0.0,0.0,31982.0,1.0,73072.0,125069.0,0.6312
Sefton,433.0984,275899.0,637.0354,0.163,27.2497,21.8769,20.9532,20.9532,0.0,14161.0,273790.0,0.0517,19986.0,273790.0,0.073,58713.0,269697.0,0.2177,65463.0,275899.0,0.2373,273932.0,1967.0,0.0071,17310.0,48153.0,0.7356,0.0,275899.0,1.0
Vale of White Horse,1500.9559,137910.0,91.8814,0.0574,8.3535,26.0158,39.8109,25.8806,13.9304,12389.0,120988.0,0.1024,4070.0,120988.0,0.0336,16397.0,118044.0,0.1389,27911.0,137910.0,0.2024,79425.0,58485.0,0.4241,7572.0,20339.0,0.7287,38577.0,99333.0,0.7203
West Lancashire,983.326,114496.0,116.4375,0.1237,18.6889,23.3411,23.1583,23.1583,0.0,4910.0,110685.0,0.0444,6984.0,110685.0,0.0631,21076.0,108689.0,0.1939,25496.0,114496.0,0.2227,69533.0,44963.0,0.3927,438.0,25058.0,0.9828,0.0,114496.0,1.0
Brent,111.7341,327753.0,2933.3307,0.1555,25.63,13.7707,33.6273,14.0639,19.5634,255328.0,311215.0,0.8204,16620.0,311215.0,0.0534,43520.0,308895.0,0.1409,42023.0,327753.0,0.1282,327753.0,0.0,0.0,0.0,42023.0,1.0,255457.0,72296.0,0.2206
North West Leicestershire,761.6522,104809.0,137.6074,0.0893,14.4294,28.7078,51.1513,28.4796,22.6717,4352.0,93468.0,0.0466,4811.0,93468.0,0.0515,16379.0,92697.0,0.1767,21109.0,104809.0,0.2014,57003.0,47806.0,0.4561,8315.0,12794.0,0.6061,77615.0,27194.0,0.2595
Barrow-in-Furness,226.7653,66726.0,294.2514,0.1585,31.0065,11.7819,86.327,11.827,74.5,2014.0,69087.0,0.0292,5786.0,69087.0,0.0837,16420.0,68392.0,0.2401,14609.0,66726.0,0.2189,44547.0,22179.0,0.3324,0.0,14609.0,1.0,66726.0,0.0,0.0
High Peak,1515.931,92633.0,61.1063,0.0971,15.61,28.0759,54.3716,28.1535,26.2181,3761.0,90892.0,0.0414,4716.0,90892.0,0.0519,15801.0,89867.0,0.1758,19973.0,92633.0,0.2156,64501.0,28132.0,0.3037,5619.0,14354.0,0.7187,88962.0,3671.0,0.0396
Rutland,1068.9616,40476.0,37.8648,0.0577,8.8886,31.7733,87.2248,31.6772,55.5476,2128.0,37369.0,0.0569,1291.0,37369.0,0.0345,5276.0,34252.0,0.154,10345.0,40476.0,0.2556,13321.0,27155.0,0.6709,6736.0,3609.0,0.3489,40476.0,0.0,0.0
Wrexham,1388.4708,136055.0,97.9891,0.1487,19.7075,12.6437,66.3753,12.2753,54.1,9367.0,134844.0,0.0695,8380.0,134844.0,0.0621,26742.0,133244.0,0.2007,27749.0,136055.0,0.204,96846.0,39209.0,0.2882,0.0,27749.0,1.0,136055.0,0.0,0.0
South Tyneside,195.212,151133.0,774.1995,0.2079,31.7121,18.5709,41.3455,18.6928,22.6527,7306.0,148127.0,0.0493,12221.0,148127.0,0.0825,33369.0,146729.0,0.2274,30814.0,151133.0,0.2039,151133.0,0.0,0.0,0.0,30814.0,1.0,136397.0,14736.0,0.0975
Kingston upon Thames,95.5159,179142.0,1875.521,0.0788,11.4956,17.5764,34.5151,17.839,16.676,59045.0,160060.0,0.3689,5705.0,160060.0,0.0356,18762.0,156358.0,0.12,25082.0,179142.0,0.14,179142.0,0.0,0.0,0.0,25082.0,1.0,114022.0,65120.0,0.3635
Caerphilly,720.0071,181731.0,252.4017,0.1868,24.5774,22.6864,41.9686,22.7011,19.2674,4907.0,178806.0,0.0274,16664.0,178806.0,0.0932,44397.0,177755.0,0.2498,35672.0,181731.0,0.1963,141544.0,40187.0,0.2211,0.0,35672.0,1.0,113509.0,68222.0,0.3754
Wychavon,1761.6496,131084.0,74.4098,0.0854,15.8261,21.9906,58.2766,21.9626,36.314,7110.0,116944.0,0.0608,5483.0,116944.0,0.0469,19680.0,115545.0,0.1703,33242.0,131084.0,0.2536,54744.0,76340.0,0.5824,3356.0,29886.0,0.899,131084.0,0.0,0.0
St Albans,420.5652,149317.0,355.0389,0.0594,8.3224,19.9252,59.0814,20.1998,38.8816,26519.0,140664.0,0.1885,4518.0,140664.0,0.0321,17020.0,139058.0,0.1224,25620.0,149317.0,0.1716,136466.0,12851.0,0.0861,0.0,25620.0,1.0,149317.0,0.0,0.0
Chorley,576.7813,118870.0,206.092,0.1013,16.9577,23.3166,25.1019,23.1775,1.9244,5263.0,107155.0,0.0491,5925.0,107155.0,0.0553,18330.0,104277.0,0.1758,23863.0,118870.0,0.2007,85137.0,33733.0,0.2838,457.0,23406.0,0.9808,8731.0,110139.0,0.9266
South Somerset,2418.6804,168696.0,69.7471,0.0953,17.3468,20.4134,92.959,19.4522,73.5068,8120.0,161243.0,0.0504,7778.0,161243.0,0.0482,27799.0,157903.0,0.1761,43786.0,168696.0,0.2596,63070.0,105626.0,0.6261,6433.0,37353.0,0.8531,168696.0,0.0,0.0
Stevenage,68.1072,88104.0,1293.6086,0.1227,19.889,10.605,49.7582,10.6582,39.1,14176.0,83957.0,0.1688,3838.0,83957.0,0.0457,12776.0,83405.0,0.1532,13670.0,88104.0,0.1552,88104.0,0.0,0.0,0.0,13670.0,1.0,88104.0,0.0,0.0
Birmingham,721.5212,1140525.0,1580.7228,0.2216,38.0942,17.4833,24.5715,17.0415,7.53,502828.0,1073045.0,0.4686,71791.0,1073045.0,0.0669,191270.0,1051366.0,0.1819,149412.0,1140525.0,0.131,1140525.0,0.0,0.0,0.0,149412.0,1.0,458714.0,681811.0,0.5978
Braintree,1607.1023,153091.0,95.259,0.0923,14.7243,24.3561,62.5544,23.8702,38.6842,10074.0,147084.0,0.0685,6417.0,147084.0,0.0436,22678.0,145463.0,0.1559,31496.0,153091.0,0.2057,95671.0,57420.0,0.3751,4304.0,27192.0,0.8633,148468.0,4623.0,0.0302
South Derbyshire,925.3704,109516.0,118.3483,0.0801,14.1266,22.0429,50.2102,21.8102,28.4,5686.0,94611.0,0.0601,4638.0,94611.0,0.049,15775.0,93133.0,0.1694,20088.0,109516.0,0.1834,61146.0,48370.0,0.4417,503.0,19585.0,0.975,109516.0,0.0,0.0
Preston,407.616,144147.0,353.6343,0.1608,29.5441,11.83,12.0455,12.0455,0.0,33960.0,140202.0,0.2422,8501.0,140202.0,0.0606,24189.0,134392.0,0.18,21270.0,144147.0,0.1476,133744.0,10403.0,0.0722,0.0,21270.0,1.0,0.0,144147.0,1.0
Swansea,984.7938,246563.0,250.3702,0.1667,21.862,17.4026,69.7774,16.7276,53.0498,20368.0,239023.0,0.0852,19348.0,239023.0,0.0809,53749.0,234363.0,0.2293,48958.0,246563.0,0.1986,218449.0,28114.0,0.114,785.0,48173.0,0.984,246563.0,0.0,0.0
Brentwood,396.9924,77242.0,194.568,0.0644,10.0448,20.911,30.3542,20.5864,9.7678,7913.0,73601.0,0.1075,2951.0,73601.0,0.0401,10787.0,72789.0,0.1482,15641.0,77242.0,0.2025,57187.0,20055.0,0.2596,0.0,15641.0,1.0,26111.0,51131.0,0.662
Chichester,1978.6925,121508.0,61.4082,0.0793,14.0518,19.7591,66.1842,19.1655,47.0187,7953.0,113794.0,0.0699,4913.0,113794.0,0.0432,18506.0,110837.0,0.167,33634.0,121508.0,0.2768,57505.0,64003.0,0.5267,4089.0,29545.0,0.8784,121508.0,0.0,0.0
Blackburn with Darwen,390.3858,150030.0,384.3122,0.2138,36.1935,12.9081,38.3746,12.2179,26.1566,49345.0,147489.0,0.3346,10763.0,147489.0,0.073,28790.0,145827.0,0.1974,21986.0,150030.0,0.1465,143940.0,6090.0,0.0406,0.0,21986.0,1.0,150030.0,0.0,0.0
Three Rivers,230.5004,93966.0,407.661,0.0712,9.9355,14.5632,49.3352,14.5352,34.8,17767.0,87317.0,0.2035,3405.0,87317.0,0.039,11924.0,86324.0,0.1381,17222.0,93966.0,0.1833,89199.0,4767.0,0.0507,0.0,17222.0,1.0,93966.0,0.0,0.0
Greenwich,121.8607,289034.0,2371.8387,0.1572,24.3061,20.3781,32.8891,20.4241,12.4651,121427.0,254557.0,0.477,13655.0,254557.0,0.0536,37011.0,249991.0,0.148,30693.0,289034.0,0.1062,289034.0,0.0,0.0,0.0,30693.0,1.0,119058.0,169976.0,0.5881
Newcastle-under-Lyme,581.5598,129610.0,222.8662,0.1091,19.0951,13.5772,13.2139,13.2139,0.0,8361.0,123871.0,0.0675,8042.0,123871.0,0.0649,24826.0,119708.0,0.2074,26947.0,129610.0,0.2079,103343.0,26267.0,0.2027,0.0,26947.0,1.0,0.0,129610.0,1.0
Wyre Forest,523.9328,101139.0,193.0381,0.1294,22.7728,25.0687,52.0867,24.7704,27.3163,5153.0,97975.0,0.0526,5883.0,97975.0,0.06,18702.0,96958.0,0.1929,25250.0,101139.0,0.2497,80243.0,20896.0,0.2066,1834.0,23416.0,0.9274,101139.0,0.0,0.0
County Durham,6671.532,533149.0,79.914,0.163,26.4885,20.7953,47.3614,20.1438,27.2176,17578.0,513242.0,0.0342,41901.0,513242.0,0.0816,116172.0,500288.0,0.2322,111582.0,533149.0,0.2093,300477.0,232672.0,0.4364,8041.0,103541.0,0.9279,526384.0,6765.0,0.0127
Sevenoaks,945.1591,121387.0,128.4302,0.0754,12.3814,21.6579,55.0924,21.919,33.1734,10355.0,114893.0,0.0901,4573.0,114893.0,0.0398,16277.0,113622.0,0.1433,26276.0,121387.0,0.2165,69552.0,51835.0,0.427,3537.0,22739.0,0.8654,121387.0,0.0,0.0
Derby,214.2739,256814.0,1198.5312,0.1609,26.8021,12.3398,40.4755,12.0755,28.4,61366.0,248752.0,0.2467,14662.0,248752.0,0.0589,44587.0,244625.0,0.1823,42361.0,256814.0,0.1649,256814.0,0.0,0.0,0.0,42361.0,1.0,256814.0,0.0,0.0
Conwy,3136.2814,118184.0,37.6828,0.152,18.269,22.7644,93.5443,22.9556,70.5887,5317.0,115228.0,0.0461,8042.0,115228.0,0.0698,26153.0,112531.0,0.2324,32938.0,118184.0,0.2787,82050.0,36134.0,0.3057,3208.0,29730.0,0.9026,118184.0,0.0,0.0
Fylde,473.9509,81211.0,171.349,0.0962,15.8508,19.3437,36.282,19.1446,17.1374,3736.0,75757.0,0.0493,4732.0,75757.0,0.0625,15504.0,74035.0,0.2094,22622.0,81211.0,0.2786,66159.0,15052.0,0.1853,0.0,22622.0,1.0,55448.0,25763.0,0.3172
Pendle,486.3666,92145.0,189.4559,0.1707,31.2312,27.352,53.0413,26.8413,26.2,20378.0,89452.0,0.2278,6230.0,89452.0,0.0696,18163.0,88846.0,0.2044,17392.0,92145.0,0.1887,81358.0,10787.0,0.1171,4177.0,13215.0,0.7598,92145.0,0.0,0.0
Leicester,198.9029,354036.0,1779.9437,0.1942,30.8372,11.5666,42.6487,11.0487,31.6,181210.0,329839.0,0.5494,19902.0,329839.0,0.0603,54769.0,321527.0,0.1703,43602.0,354036.0,0.1232,354036.0,0.0,0.0,0.0,43602.0,1.0,354036.0,0.0,0.0
Manchester,325.6371,555741.0,1706.6268,0.2147,39.768,18.3433,29.2812,17.8353,11.4459,204890.0,503127.0,0.4072,35690.0,503127.0,0.0709,86048.0,481030.0,0.1789,51557.0,555741.0,0.0928,555741.0,0.0,0.0,0.0,51557.0,1.0,243262.0,312479.0,0.5623
Leeds,1581.726,798786.0,505.0091,0.1453,27.7446,16.4337,18.2034,14.8124,3.391,141771.0,751485.0,0.1887,40652.0,751485.0,0.0541,121343.0,731373.0,0.1659,123784.0,798786.0,0.155,758976.0,39810.0,0.0498,3945.0,119839.0,0.9681,103228.0,695558.0,0.8708
West Berkshire,1811.6421,158465.0,87.4704,0.0649,10.0383,27.0565,76.9494,27.3884,49.561,14778.0,153822.0,0.0961,4865.0,153822.0,0.0316,19310.0,150878.0,0.128,31106.0,158465.0,0.1963,101421.0,57044.0,0.36,14070.0,17036.0,0.5477,158465.0,0.0,0.0
Pembrokeshire,4235.5402,126751.0,29.9256,0.1436,19.6299,24.0025,130.07,23.1577,106.9123,5347.0,122439.0,0.0437,8331.0,122439.0,0.068,26401.0,120545.0,0.219,33169.0,126751.0,0.2617,29641.0,97110.0,0.7661,7756.0,25413.0,0.7662,126751.0,0.0,0.0
Northumberland,15437.3745,323820.0,20.9764,0.1256,21.9978,27.7078,43.5247,25.9679,17.5567,8931.0,316028.0,0.0283,20000.0,316028.0,0.0633,62033.0,310591.0,0.1997,81368.0,323820.0,0.2513,176560.0,147260.0,0.4548,29687.0,51681.0,0.6352,254569.0,69251.0,0.2139
Vale of Glamorgan,851.1605,135295.0,158.9536,0.1252,14.6964,22.1848,28.3663,22.4,5.9663,7124.0,126336.0,0.0564,8071.0,126336.0,0.0639,24658.0,124259.0,0.1984,28838.0,135295.0,0.2131,109289.0,26006.0,0.1922,355.0,28483.0,0.9877,28423.0,106872.0,0.7899
Spelthorne,131.4901,99873.0,759.5477,0.0794,14.9908,17.1022,53.0866,17.1866,35.9,18187.0,95598.0,0.1902,3921.0,95598.0,0.041,13740.0,94837.0,0.1449,18702.0,99873.0,0.1873,99873.0,0.0,0.0,0.0,18702.0,1.0,99873.0,0.0,0.0
Bedford,1266.1155,174687.0,137.9708,0.1135,18.8322,27.8723,78.5171,27.3612,51.1559,44891.0,157479.0,0.2851,7144.0,157479.0,0.0454,23790.0,154536.0,0.1539,31422.0,174687.0,0.1799,118064.0,56623.0,0.3241,8688.0,22734.0,0.7235,174687.0,0.0,0.0
Ryedale,4398.6505,55629.0,12.6468,0.0835,15.7574,38.8189,83.0709,38.24,44.8308,1949.0,51751.0,0.0377,2391.0,51751.0,0.0462,8791.0,50611.0,0.1737,15235.0,55629.0,0.2739,14625.0,41004.0,0.7371,12958.0,2277.0,0.1495,55629.0,0.0,0.0
Redcar and Cleveland,726.9819,137228.0,188.764,0.1863,29.757,20.3482,78.5505,20.1505,58.4,3249.0,135177.0,0.024,10599.0,135177.0,0.0784,29537.0,133929.0,0.2205,31288.0,137228.0,0.228,94944.0,42284.0,0.3081,1557.0,29731.0,0.9502,137228.0,0.0,0.0
Bradford,1051.2964,542128.0,515.6757,0.1905,34.9182,15.7735,39.431,14.2678,25.1632,188824.0,522452.0,0.3614,30708.0,522452.0,0.0588,86854.0,515315.0,0.1685,81814.0,542128.0,0.1509,512796.0,29332.0,0.0541,3051.0,78763.0,0.9627,542128.0,0.0,0.0
Chesterfield,184.2678,104930.0,569.4429,0.1535,25.0091,12.2902,39.5545,12.2545,27.3,5332.0,103788.0,0.0514,7908.0,103788.0,0.0762,22971.0,102681.0,0.2237,22511.0,104930.0,0.2145,103534.0,1396.0,0.0133,0.0,22511.0,1.0,104930.0,0.0,0.0
Southend-on-Sea,107.8729,182773.0,1694.3363,0.1462,22.6885,11.5395,51.5926,11.3926,40.2,22522.0,173658.0,0.1297,9968.0,173658.0,0.0574,30293.0,171489.0,0.1766,35661.0,182773.0,0.1951,182773.0,0.0,0.0,0.0,35661.0,1.0,182773.0,0.0,0.0
Portsmouth,101.1453,214692.0,2122.6102,0.1362,27.2926,13.4369,45.3461,13.7461,31.6,32743.0,205056.0,0.1597,10354.0,205056.0,0.0505,31594.0,200052.0,0.1579,30568.0,214692.0,0.1424,214692.0,0.0,0.0,0.0,30568.0,1.0,214692.0,0.0,0.0
Bridgend,648.1235,147539.0,227.6403,0.165,21.1443,14.8846,42.9012,14.5012,28.4,5522.0,139178.0,0.0397,12383.0,139178.0,0.089,33208.0,136842.0,0.2427,30168.0,147539.0,0.2045,118368.0,29171.0,0.1977,0.0,30168.0,1.0,147539.0,0.0,0.0
Rochdale,448.776,223659.0,498.3756,0.2033,34.7682,16.2237,40.3752,16.2752,24.1,45218.0,211699.0,0.2136,16005.0,211699.0,0.0756,42722.0,209552.0,0.2039,36927.0,223659.0,0.1651,223659.0,0.0,0.0,0.0,36927.0,1.0,223659.0,0.0,0.0
Broxbourne,133.8666,97592.0,729.0241,0.1098,18.2502,32.8411,51.7911,32.8071,18.984,17953.0,93609.0,0.1918,4332.0,93609.0,0.0463,14016.0,93267.0,0.1503,17363.0,97592.0,0.1779,97592.0,0.0,0.0,17363.0,0.0,0.0,49519.0,48073.0,0.4926
Epping Forest,881.6422,132175.0,149.9191,0.0914,15.1332,27.3312,29.7452,27.076,2.6693,18426.0,124659.0,0.1478,5734.0,124659.0,0.046,18628.0,123623.0,0.1507,25922.0,132175.0,0.1961,95757.0,36418.0,0.2755,7522.0,18400.0,0.7098,9482.0,122693.0,0.9283
Elmbridge,246.7661,137215.0,556.0529,0.0564,7.9153,18.364,51.5166,18.4011,33.1154,26367.0,130875.0,0.2015,4080.0,130875.0,0.0312,14770.0,129483.0,0.1141,25585.0,137215.0,0.1865,135831.0,1384.0,0.0101,0.0,25585.0,1.0,137215.0,0.0,0.0
Guildford,690.8571,150352.0,217.6311,0.0573,9.4443,21.5341,59.6544,21.7125,37.9419,22673.0,137183.0,0.1653,4327.0,137183.0,0.0315,16288.0,130920.0,0.1244,25169.0,150352.0,0.1674,116395.0,33957.0,0.2259,965.0,24204.0,0.9617,150352.0,0.0,0.0
Bassetlaw,1786.6012,118280.0,66.2039,0.122,22.7412,27.8892,61.5483,27.823,33.7253,6200.0,112863.0,0.0549,7605.0,112863.0,0.0674,23131.0,109979.0,0.2103,26416.0,118280.0,0.2233,69090.0,49190.0,0.4159,7346.0,19070.0,0.7219,118280.0,0.0,0.0
North Tyneside,250.3897,208871.0,834.1838,0.1432,22.121,16.1105,24.6352,15.9361,8.6991,9865.0,200801.0,0.0491,13659.0,200801.0,0.068,39878.0,199142.0,0.2002,42649.0,208871.0,0.2042,197851.0,11020.0,0.0528,0.0,42649.0,1.0,87355.0,121516.0,0.5818
"Bournemouth, Christchurch and Poole",402.8387,396989.0,985.4787,0.1118,18.2676,15.5785,54.2166,15.1166,39.1,44024.0,378888.0,0.1162,20783.0,378888.0,0.0549,67972.0,371539.0,0.1829,86843.0,396989.0,0.2188,396989.0,0.0,0.0,0.0,86843.0,1.0,396989.0,0.0,0.0
Dover,800.7795,118514.0,147.9983,0.1353,22.4236,28.1521,98.9563,27.6563,71.3,7826.0,111674.0,0.0701,7019.0,111674.0,0.0629,21913.0,109462.0,0.2002,28201.0,118514.0,0.238,79636.0,38878.0,0.328,10513.0,17688.0,0.6272,118514.0,0.0,0.0
Wigan,531.7848,330712.0,621.8907,0.1495,25.9332,25.6031,29.5843,25.763,3.8213,14330.0,317849.0,0.0451,22835.0,317849.0,0.0718,66555.0,315794.0,0.2108,63420.0,330712.0,0.1918,319703.0,11009.0,0.0333,6994.0,56426.0,0.8897,67580.0,263132.0,0.7957
Watford,55.594,96623.0,1738.0117,0.0925,15.5013,11.8871,46.1876,11.3876,34.8,34426.0,90301.0,0.3812,3737.0,90301.0,0.0414,11678.0,89565.0,0.1304,12858.0,96623.0,0.1331,96623.0,0.0,0.0,0.0,12858.0,1.0,96623.0,0.0,0.0
Solihull,478.7299,217487.0,454.3,0.1091,17.493,25.9834,29.4182,25.7827,3.6355,29426.0,206674.0,0.1424,10738.0,206674.0,0.052,35523.0,205087.0,0.1732,45621.0,217487.0,0.2098,195481.0,22006.0,0.1012,4124.0,41497.0,0.9096,42282.0,175205.0,0.8056
Mansfield,213.1882,109351.0,512.9317,0.1558,28.4492,12.7103,41.9991,12.5991,29.4,7058.0,104466.0,0.0676,8354.0,104466.0,0.08,23957.0,103487.0,0.2315,21415.0,109351.0,0.1958,95539.0,13812.0,0.1263,0.0,21415.0,1.0,109351.0,0.0,0.0
Hammersmith and Fulham,42.2402,183544.0,4345.2461,0.1418,22.2743,10.8834,10.9716,10.9716,0.0,100504.0,182493.0,0.5507,8895.0,182493.0,0.0487,22250.0,180652.0,0.1232,20687.0,183544.0,0.1127,183544.0,0.0,0.0,0.0,20687.0,1.0,0.0,183544.0,1.0
Worcester,88.5482,100265.0,1132.3213,0.1171,20.5526,11.3357,46.9084,11.0084,35.9,10752.0,98768.0,0.1089,4795.0,98768.0,0.0485,15301.0,96854.0,0.158,17686.0,100265.0,0.1764,100265.0,0.0,0.0,0.0,17686.0,1.0,100265.0,0.0,0.0
Walsall,281.5823,286716.0,1018.2316,0.2042,32.237,17.1828,40.7241,16.6516,24.0724,62085.0,269323.0,0.2305,19495.0,269323.0,0.0724,54457.0,267397.0,0.2037,50053.0,286716.0,0.1746,285201.0,1515.0,0.0053,0.0,50053.0,1.0,286716.0,0.0,0.0
Mid Devon,2290.7236,83290.0,36.3597,0.0927,16.8679,29.0324,91.6771,28.6554,63.0217,3196.0,77750.0,0.0411,3535.0,77750.0,0.0455,12909.0,76866.0,0.1679,19760.0,83290.0,0.2372,22651.0,60639.0,0.728,7425.0,12335.0,0.6242,83290.0,0.0,0.0
Harrogate,3796.099,161545.0,42.5555,0.0613,10.8378,33.6797,51.1102,33.3686,17.7416,13152.0,157869.0,0.0833,5989.0,157869.0,0.0379,22707.0,153821.0,0.1476,38457.0,161545.0,0.2381,106135.0,55410.0,0.343,23878.0,14579.0,0.3791,67548.0,93997.0,0.5819
Oxford,118.9533,151584.0,1274.3152,0.0905,16.4301,13.638,13.7418,13.7418,0.0,55273.0,151906.0,0.3639,5481.0,151906.0,0.0361,17377.0,133241.0,0.1304,19152.0,151584.0,0.1263,150209.0,1375.0,0.0091,0.0,19152.0,1.0,0.0,151584.0,1.0
Burnley,316.6386,89344.0,282.164,0.2076,38.7353,22.2968,48.2539,22.0539,26.2,12595.0,87059.0,0.1447,6719.0,87059.0,0.0772,18799.0,86117.0,0.2183,16798.0,89344.0,0.188,86592.0,2752.0,0.0308,0.0,16798.0,1.0,89344.0,0.0,0.0
South Cambridgeshire,2394.0615,160904.0,67.2096,0.0559,8.4793,20.9866,23.7179,21.2157,2.5022,18943.0,148755.0,0.1273,4775.0,148755.0,0.0321,19914.0,146779.0,0.1357,31785.0,160904.0,0.1975,39720.0,121184.0,0.7531,1634.0,30151.0,0.9486,10297.0,150607.0,0.936
West Northamptonshire,3674.8326,406733.0,110.6807,0.0954,17.563,18.9129,59.6777,17.7722,41.9055,60177.0,375101.0,0.1604,16027.0,375101.0,0.0427,54391.0,368846.0,0.1475,72609.0,406733.0,0.1785,273685.0,133048.0,0.3271,8837.0,63772.0,0.8783,389309.0,17424.0,0.0428
Surrey Heath,243.4563,89204.0,366.4067,0.0542,8.1577,11.5184,56.422,11.5126,44.9094,12965.0,86144.0,0.1505,2786.0,86144.0,0.0323,10033.0,84440.0,0.1188,17786.0,89204.0,0.1994,76576.0,12628.0,0.1416,0.0,17786.0,1.0,89204.0,0.0,0.0
Adur,104.8554,64187.0,612.1475,0.1081,17.6414,14.3005,42.4441,14.5311,27.9131,4339.0,61182.0,0.0709,3521.0,61182.0,0.0575,11842.0,60424.0,0.196,15186.0,64187.0,0.2366,64187.0,0.0,0.0,0.0,15186.0,1.0,56698.0,7489.0,0.1167
Epsom and Ewell,87.2686,81003.0,928.203,0.0569,8.9096,10.7852,36.8441,10.6441,26.2,16053.0,75102.0,0.2137,2551.0,75102.0,0.034,9538.0,74026.0,0.1288,14843.0,81003.0,0.1832,77735.0,3268.0,0.0403,0.0,14843.0,1.0,81003.0,0.0,0.0
Waltham Forest,100.4482,276940.0,2757.0442,0.1519,25.2156,21.6335,20.8419,20.8419,0.0,165250.0,258249.0,0.6399,13510.0,258249.0,0.0523,36450.0,256615.0,0.142,30507.0,276940.0,0.1102,276940.0,0.0,0.0,0.0,30507.0,1.0,0.0,276940.0,1.0
Bromsgrove,581.3368,100569.0,172.9961,0.0721,11.6417,21.3497,40.3799,21.4871,18.8929,5997.0,93637.0,0.064,4514.0,93637.0,0.0482,14944.0,90833.0,0.1645,22848.0,100569.0,0.2272,81863.0,18706.0,0.186,0.0,22848.0,1.0,64422.0,36147.0,0.3594
Stroud,1199.8599,120903.0,100.7643,0.0777,10.8232,26.8312,67.0993,26.4669,40.6323,5753.0,112779.0,0.051,4848.0,112779.0,0.043,17962.0,111503.0,0.1611,27487.0,120903.0,0.2273,86237.0,34666.0,0.2867,9741.0,17746.0,0.6456,105420.0,15483.0,0.1281
Hambleton,3842.5692,91932.0,23.9246,0.067,11.9809,31.5148,83.7849,32.1098,51.675,3273.0,89140.0,0.0367,3839.0,89140.0,0.0431,14459.0,87321.0,0.1656,24588.0,91932.0,0.2675,16980.0,74952.0,0.8153,14855.0,9733.0,0.3958,91932.0,0.0,0.0
Milton Keynes,816.4807,270203.0,330.9362,0.1109,17.934,12.6296,63.8765,11.9848,51.8918,64887.0,248821.0,0.2608,10288.0,248821.0,0.0413,33048.0,246715.0,0.134,39017.0,270203.0,0.1444,249921.0,20282.0,0.0751,0.0,39017.0,1.0,270203.0,0.0,0.0
York,784.3972,211012.0,269.0117,0.0723,11.8208,12.6427,56.5173,12.0173,44.5,19438.0,198051.0,0.0981,8188.0,198051.0,0.0413,28650.0,190392.0,0.1505,38874.0,211012.0,0.1842,180614.0,30398.0,0.1441,0.0,38874.0,1.0,211012.0,0.0,0.0
Denbighshire,2321.6385,96664.0,41.6361,0.1784,22.91,18.4668,83.5876,18.2699,65.3177,4153.0,93734.0,0.0443,6854.0,93734.0,0.0731,21159.0,92483.0,0.2288,23517.0,96664.0,0.2433,47563.0,49101.0,0.508,2656.0,20861.0,0.8871,96664.0,0.0,0.0
Hackney,49.255,280941.0,5703.8091,0.1948,32.5327,14.793,14.633,14.633,0.0,157240.0,246270.0,0.6385,15292.0,246270.0,0.0621,35012.0,244433.0,0.1432,22316.0,280941.0,0.0794,280941.0,0.0,0.0,0.0,22316.0,1.0,0.0,280941.0,1.0
Rugby,948.0681,110650.0,116.711,0.0859,14.0802,22.0245,21.8502,21.8502,0.0,15865.0,100075.0,0.1585,4478.0,100075.0,0.0447,15316.0,98180.0,0.156,20884.0,110650.0,0.1887,81210.0,29440.0,0.2661,0.0,20884.0,1.0,0.0,110650.0,1.0
Gravesham,254.1618,106890.0,420.5588,0.1245,21.793,15.9457,45.5836,15.6738,29.9098,23298.0,101720.0,0.229,5221.0,101720.0,0.0513,16726.0,100976.0,0.1656,18603.0,106890.0,0.174,88214.0,18676.0,0.1747,0.0,18603.0,1.0,106890.0,0.0,0.0
Staffordshire Moorlands,1594.0129,98427.0,61.7479,0.0846,15.0643,25.2872,25.4064,25.4064,0.0,2449.0,97106.0,0.0252,5750.0,97106.0,0.0592,19470.0,95860.0,0.2031,25050.0,98427.0,0.2545,68265.0,30162.0,0.3064,3468.0,21582.0,0.8616,0.0,98427.0,1.0
Gateshead,430.6163,201950.0,468.979,0.1677,28.3411,15.636,16.1004,15.0686,1.0318,11859.0,200214.0,0.0592,15929.0,200214.0,0.0796,42825.0,197726.0,0.2166,39903.0,201950.0,0.1976,187946.0,14004.0,0.0693,0.0,39903.0,1.0,8028.0,193922.0,0.9602
Arun,553.0401,161123.0,291.3405,0.104,18.6677,17.3722,58.4204,17.4001,41.0203,12494.0,149518.0,0.0836,8470.0,149518.0,0.0566,29140.0,145744.0,0.1999,46898.0,161123.0,0.2911,135406.0,25717.0,0.1596,0.0,46898.0,1.0,161123.0,0.0,0.0
Camden,56.2712,279516.0,4967.2978,0.1399,19.9899,13.0166,12.5877,12.5877,0.0,123401.0,220338.0,0.5601,12349.0,220338.0,0.056,30716.0,212443.0,0.1446,33599.0,279516.0,0.1202,279516.0,0.0,0.0,0.0,33599.0,1.0,0.0,279516.0,1.0
Medway,492.7725,279142.0,566.4724,0.1347,24.088,21.6446,64.0632,21.6695,42.3937,38271.0,263925.0,0.145,13277.0,263925.0,0.0503,42030.0,259988.0,0.1617,45273.0,279142.0,0.1622,249372.0,29770.0,0.1066,754.0,44519.0,0.9833,279142.0,0.0,0.0
Huntingdonshire,2445.2233,178985.0,73.1978,0.0734,12.5416,31.164,68.608,31.2211,37.3869,17814.0,169508.0,0.1051,6681.0,169508.0,0.0394,24207.0,166952.0,0.145,36476.0,178985.0,0.2038,77684.0,101301.0,0.566,28003.0,8473.0,0.2323,130194.0,48791.0,0.2726
Bolton,396.1093,288248.0,727.6981,0.1888,31.1849,20.6776,26.8432,20.6107,6.2325,56992.0,276786.0,0.2059,18334.0,276786.0,0.0662,53612.0,274855.0,0.1951,50056.0,288248.0,0.1737,288248.0,0.0,0.0,0.0,50056.0,1.0,74282.0,213966.0,0.7423
Salford,274.2642,262697.0,957.8247,0.1909,34.2911,13.3378,13.3123,13.3123,0.0,36488.0,233933.0,0.156,17710.0,233933.0,0.0757,46691.0,228346.0,0.2045,36625.0,262697.0,0.1394,262697.0,0.0,0.0,0.0,36625.0,1.0,0.0,262697.0,1.0
East Suffolk,3356.0636,250373.0,74.6032,0.1122,19.6563,23.7622,113.5892,22.9132,90.6759,12512.0,239552.0,0.0522,13108.0,239552.0,0.0547,46332.0,235310.0,0.1969,69367.0,250373.0,0.2771,159109.0,91264.0,0.3645,16714.0,52653.0,0.759,250373.0,0.0,0.0
Coventry,264.8238,379387.0,1432.6015,0.1565,26.0844,15.2926,14.8419,14.8419,0.0,105772.0,316960.0,0.3337,19191.0,316960.0,0.0605,54254.0,307730.0,0.1763,50463.0,379387.0,0.133,379387.0,0.0,0.0,0.0,50463.0,1.0,0.0,379387.0,1.0
Cheshire West and Chester,2551.094,343823.0,134.7747,0.1085,18.1235,18.3333,55.1146,17.7918,37.3229,17595.0,329608.0,0.0534,18260.0,329608.0,0.0554,58501.0,326236.0,0.1793,74915.0,343823.0,0.2179,256494.0,87329.0,0.254,1317.0,73598.0,0.9824,343823.0,0.0,0.0
Welwyn Hatfield,337.8235,123893.0,366.7389,0.0865,14.3488,20.158,59.172,20.072,39.1,25978.0,110535.0,0.235,4368.0,110535.0,0.0395,15163.0,106830.0,0.1419,19139.0,123893.0,0.1545,112739.0,11154.0,0.09,870.0,18269.0,0.9545,123893.0,0.0,0.0
Rotherham,805.296,264984.0,329.0517,0.1696,29.763,21.8332,37.3774,21.6986,15.6788,20842.0,257280.0,0.081,19533.0,257280.0,0.0759,54814.0,255334.0,0.2147,52388.0,264984.0,0.1977,241178.0,23806.0,0.0898,0.0,52388.0,1.0,128924.0,136060.0,0.5135
Redbridge,145.9276,305658.0,2094.5867,0.1215,17.3707,17.4814,17.0545,17.0545,0.0,182717.0,278970.0,0.655,13675.0,278970.0,0.049,39916.0,277323.0,0.1439,39273.0,305658.0,0.1285,305658.0,0.0,0.0,0.0,39273.0,1.0,0.0,305658.0,1.0
Teignbridge,1671.7058,135039.0,80.7792,0.1013,15.9827,20.3061,73.8377,19.9579,53.8798,4740.0,124220.0,0.0382,6822.0,124220.0,0.0549,23727.0,121337.0,0.1955,36263.0,135039.0,0.2685,77359.0,57680.0,0.4271,920.0,35343.0,0.9746,135039.0,0.0,0.0
Great Yarmouth,471.9411,99198.0,210.1915,0.185,33.2326,15.5933,120.3878,14.6878,105.7,6997.0,97277.0,0.0719,6911.0,97277.0,0.071,20976.0,96230.0,0.218,24552.0,99198.0,0.2475,65798.0,33400.0,0.3367,0.0,24552.0,1.0,99198.0,0.0,0.0
Gedling,331.3312,118239.0,356.8604,0.102,14.9183,18.0698,20.9086,18.0298,2.8789,10992.0,113543.0,0.0968,5982.0,113543.0,0.0527,21217.0,112759.0,0.1882,24956.0,118239.0,0.2111,96771.0,21468.0,0.1816,0.0,24956.0,1.0,11578.0,106661.0,0.9021
Kirklees,1160.3398,441290.0,380.311,0.1443,25.3696,20.6631,44.3723,20.2426,24.1297,98568.0,422458.0,0.2333,24319.0,422458.0,0.0576,72217.0,416840.0,0.1732,78994.0,441290.0,0.179,398440.0,42850.0,0.0971,2000.0,76994.0,0.9747,372570.0,68720.0,0.1557
Basildon,284.6398,187558.0,658.931,0.1393,23.4039,13.509,40.3051,13.0051,27.3,18282.0,174497.0,0.1048,9657.0,174497.0,0.0553,29340.0,173372.0,0.1692,32247.0,187558.0,0.1719,187558.0,0.0,0.0,0.0,32247.0,1.0,187558.0,0.0,0.0
Knowsley,243.3818,152452.0,626.3903,0.2524,43.1639,12.9489,24.2194,12.9145,11.3049,5758.0,145893.0,0.0395,13815.0,145893.0,0.0947,34904.0,144990.0,0.2407,26419.0,152452.0,0.1733,152452.0,0.0,0.0,0.0,26419.0,1.0,92163.0,60289.0,0.3955
Liverpool,314.2668,500474.0,1592.5131,0.2344,42.5442,15.871,21.3223,16.0464,5.2758,70930.0,466415.0,0.1521,40884.0,466415.0,0.0877,100891.0,450085.0,0.2242,73799.0,500474.0,0.1475,500474.0,0.0,0.0,0.0,73799.0,1.0,141199.0,359275.0,0.7179
West Oxfordshire,1869.7032,111758.0,59.7731,0.0593,8.7363,27.9801,30.7047,27.9977,2.7071,7784.0,104779.0,0.0743,3672.0,104779.0,0.035,14230.0,102415.0,0.1389,24607.0,111758.0,0.2202,48411.0,63347.0,0.5668,9717.0,14890.0,0.6051,6075.0,105683.0,0.9456
South Staffordshire,1104.3027,112369.0,101.7556,0.0858,13.3286,19.3814,47.9199,19.3163,28.6036,5792.0,108131.0,0.0536,5808.0,108131.0,0.0537,19055.0,106157.0,0.1795,27810.0,112369.0,0.2475,67238.0,45131.0,0.4016,0.0,27810.0,1.0,112369.0,0.0,0.0
Telford and Wrekin,790.7683,181322.0,229.2985,0.1561,25.0153,13.9399,60.3363,13.7363,46.6,17545.0,166641.0,0.1053,10395.0,166641.0,0.0624,29961.0,164440.0,0.1822,31739.0,181322.0,0.175,171464.0,9858.0,0.0544,0.0,31739.0,1.0,181322.0,0.0,0.0
Islington,38.3886,248115.0,6463.2462,0.178,27.4504,13.5349,13.4363,13.4363,0.0,107803.0,206125.0,0.523,13244.0,206125.0,0.0643,31167.0,200134.0,0.1557,21844.0,248115.0,0.088,248115.0,0.0,0.0,0.0,21844.0,1.0,0.0,248115.0,1.0
Tendring,883.9651,147353.0,166.6955,0.173,30.4517,27.4123,85.3707,26.9707,58.4,6382.0,138048.0,0.0462,10510.0,138048.0,0.0761,33317.0,135867.0,0.2452,44051.0,147353.0,0.2989,94327.0,53026.0,0.3599,10388.0,33663.0,0.7642,147353.0,0.0,0.0
