closest_ivt_unit,polygon_area_km2,population_all_x,population_density,income_domain_weighted_mean,imd_weighted_mean,weighted_ivt_time,mt_time_weighted_mean,ivt_time_weighted_mean,mt_transfer_time_weighted_mean,ethnic_group_other_than_white_british,ethnic_group_all_categories_ethnic_group,ethnic_minority_proportion,bad_or_very_bad_health,all_categories_general_health,bad_health_proportion,long_term_health_count,all_categories_long_term_health_problem_or_disability,long_term_health_proportion,age_65_plus_count,population_all_y,age_65_plus_proportion,ural_False,ural_True,proportion_rural,ver_65_within_30_False,ver_65_within_30_True,proportion_over_65_within_30,closest_is_m_False,closest_is_m_True,proportion_closest_is_mt,ivt_rate,admissions_2122
B152TH,1323.6611,963012,727.5367,0.183,31.4883,19.8813,18.653,18.653,0.0,339290,906743,0.3742,55724,906743,0.0615,157057,889227,0.1766,144555,963012,0.1501,926409.0,36603.0,0.038,6329.0,138226.0,0.9562,0.0,963012.0,1.0,8.9,1138
B714HJ,1297.0892,1012389,780.5084,0.2026,33.6555,19.3557,37.0252,18.3252,18.7,344316,958616,0.3592,65605,958616,0.0684,180021,947524,0.19,159109,1012389,0.1572,981575.0,30814.0,0.0304,20680.0,138429.0,0.87,1012389.0,0.0,0.0,6.7,741
BA13NG,3801.3317,483031,127.0689,0.0835,13.336,25.1993,57.9909,24.2909,33.7,34092,448923,0.0759,19467,448923,0.0434,70366,438597,0.1604,102838,483031,0.2129,365427.0,117604.0,0.2435,38113.0,64725.0,0.6294,483031.0,0.0,0.0,7.5,654
BA214AT,4614.4458,274432,59.4724,0.0955,16.8582,24.2756,98.2951,23.7951,74.5,13868,261069,0.0531,12458,261069,0.0477,45407,254179,0.1786,72947,274432,0.2658,96824.0,177608.0,0.6472,27527.0,45420.0,0.6226,274432.0,0.0,0.0,10.9,414
BB23HH,2735.2269,486120,177.7257,0.1774,31.7891,20.2955,45.5304,19.3304,26.2,97523,473321,0.206,32885,473321,0.0695,93679,468472,0.2,88140,486120,0.1813,422949.0,63171.0,0.1299,6443.0,81697.0,0.9269,486120.0,0.0,0.0,10.8,765
BD96RJ,4633.9005,680561,146.8657,0.1672,30.7408,18.795,41.5487,16.4487,25.1,198475,657137,0.302,36696,657137,0.0558,108565,648435,0.1674,114880,680561,0.1688,621627.0,58934.0,0.0866,10255.0,104625.0,0.9107,680561.0,0.0,0.0,10.2,762
BH77DW,1921.8451,579796,301.6872,0.0989,15.9361,18.6755,56.8363,17.7363,39.1,51903,554672,0.0936,29557,554672,0.0533,101823,544789,0.1869,146206,579796,0.2522,536169.0,43627.0,0.0752,4833.0,141373.0,0.9669,579796.0,0.0,0.0,10.4,1183
BL97TD,1615.848,864921,535.2738,0.1916,32.5734,18.7077,42.7619,18.6619,24.1,158639,824164,0.1925,58341,824164,0.0708,161182,817029,0.1973,146629,864921,0.1695,855755.0,9166.0,0.0106,3061.0,143568.0,0.9791,864921.0,0.0,0.0,9.6,861
BN112DH,1238.6313,309195,249.6263,0.092,15.9361,16.412,48.0089,16.4089,31.6,23489,290158,0.081,14735,290158,0.0508,51502,284833,0.1808,78265,309195,0.2531,234918.0,74277.0,0.2402,4051.0,74214.0,0.9482,309195.0,0.0,0.0,11.1,542
BN212UD,3165.2273,461493,145.8009,0.1242,20.5118,24.3599,64.788,24.588,40.2,36494,435288,0.0838,25991,435288,0.0597,84296,425650,0.198,123177,461493,0.2669,352130.0,109363.0,0.237,43909.0,79268.0,0.6435,461493.0,0.0,0.0,7.7,737
BN25BE,1144.9668,468512,409.1926,0.1064,17.6072,20.2891,18.7041,18.7041,0.0,68051,435321,0.1563,21558,435321,0.0495,67459,425712,0.1585,76348,468512,0.163,440664.0,27848.0,0.0594,10725.0,65623.0,0.8595,0.0,468512.0,1.0,4.8,567
BR68ND,1194.9224,622968,521.346,0.1049,16.5996,18.2309,53.1873,18.3873,34.8,159241,587046,0.2713,25725,587046,0.0438,85969,582420,0.1476,107901,622968,0.1732,588880.0,34088.0,0.0547,4073.0,103828.0,0.9623,622968.0,0.0,0.0,13.3,847
BS105NB,2163.0097,768942,355.4963,0.113,20.4057,20.0888,18.9677,18.9677,0.0,116691,703995,0.1658,35038,703995,0.0498,109638,689433,0.159,119323,768942,0.1552,700096.0,68846.0,0.0895,7384.0,111939.0,0.9381,0.0,768942.0,1.0,7.6,775
BS234TQ,2004.7423,264898,132.1357,0.1051,17.2638,21.3251,64.4063,21.0063,43.4,13356,248243,0.0538,13595,248243,0.0548,46001,244105,0.1884,66570,264898,0.2513,195428.0,69470.0,0.2623,9471.0,57099.0,0.8577,264898.0,0.0,0.0,8.3,157
CA27HY,13940.3174,313484,22.4876,0.1136,21.9136,32.2638,107.3562,31.7562,75.6,10679,311735,0.0343,18768,311735,0.0602,59447,307367,0.1934,74719,313484,0.2384,148989.0,164495.0,0.5247,45434.0,29285.0,0.3919,313484.0,0.0,0.0,13.0,485
CB20QQ,5322.2747,523128,98.2903,0.0648,10.9387,24.8077,23.9631,23.9631,0.0,84765,493471,0.1718,17401,493471,0.0353,64887,473109,0.1372,95213,523128,0.182,310069.0,213059.0,0.4073,31772.0,63441.0,0.6663,0.0,523128.0,1.0,14.0,757
CF144XW,1272.5553,617855,485.5231,0.1569,21.2708,16.7434,16.1025,16.1025,0.0,80599,584572,0.1379,39718,584572,0.0679,109786,570525,0.1924,101839,617855,0.1648,583226.0,34629.0,0.056,355.0,101484.0,0.9965,0.0,617855.0,1.0,8.3,737
CF311RQ,1754.5789,292477,166.6936,0.1762,23.4083,19.0683,47.3162,18.9162,28.4,9971,279132,0.0357,25997,279132,0.0931,68805,274788,0.2504,59560,292477,0.2036,208401.0,84076.0,0.2875,1710.0,57850.0,0.9713,292477.0,0.0,0.0,10.3,507
CF479DT,5084.6498,266357,52.3845,0.2045,29.2243,20.4598,57.634,19.634,38.0,9395,260661,0.036,26892,260661,0.1032,67769,258182,0.2625,54618,266357,0.2051,177631.0,88726.0,0.3331,5047.0,49571.0,0.9076,266357.0,0.0,0.0,13.9,1052
CH21UL,1672.9037,295509,176.6444,0.1144,17.5434,17.6717,59.5716,17.2716,42.3,16841,284241,0.0592,15614,284241,0.0549,50399,281545,0.179,61312,295509,0.2075,240445.0,55064.0,0.1863,1317.0,59995.0,0.9785,295509.0,0.0,0.0,7.7,452
CH495PE,526.9375,342566,650.1075,0.1706,28.9483,13.5921,40.9304,13.6304,27.3,16777,338016,0.0496,24970,338016,0.0739,72642,334491,0.2172,76674,342566,0.2238,338658.0,3908.0,0.0114,0.0,76674.0,1.0,342566.0,0.0,0.0,6.4,642
CM17ET,2657.1055,356777,134.2728,0.0849,13.5422,21.6821,57.9792,21.0792,36.9,28741,332779,0.0864,13437,332779,0.0404,48951,328729,0.1489,70707,356777,0.1982,240251.0,116526.0,0.3266,6681.0,64026.0,0.9055,356777.0,0.0,0.0,8.4,669
CO45JL,3042.672,425654,139.8948,0.1202,20.7929,22.8884,79.2395,20.8395,58.4,31498,387883,0.0812,21122,387883,0.0545,71562,378736,0.1889,98979,425654,0.2325,257667.0,167987.0,0.3947,11758.0,87221.0,0.8812,425654.0,0.0,0.0,6.9,686
CT13NG,4162.9648,663920,159.4825,0.1325,22.466,28.864,98.9997,27.6997,71.3,60103,617289,0.0974,37081,617289,0.0601,116063,601145,0.1931,149578,663920,0.2253,499593.0,164327.0,0.2475,65122.0,84456.0,0.5646,663920.0,0.0,0.0,16.3,756
CV22DX,5442.22,1006458,184.9352,0.1187,20.0325,22.2209,20.9304,20.9304,0.0,173074,900556,0.1922,47941,900556,0.0532,149580,882099,0.1696,177496,1006458,0.1764,841503.0,164955.0,0.1639,22415.0,155081.0,0.8737,0.0,1006458.0,1.0,13.8,869
CW14QJ,2352.495,315286,134.022,0.0972,17.2081,19.3732,48.0012,18.6012,29.4,16976,296999,0.0572,15846,296999,0.0534,51272,293504,0.1747,66896,315286,0.2122,245842.0,69444.0,0.2203,1726.0,65170.0,0.9742,315286.0,0.0,0.0,1.9,473
DA28DA,1328.7105,767029,577.2732,0.1204,20.116,17.2472,46.7741,17.3741,29.4,172026,700031,0.2457,33948,700031,0.0485,106053,693543,0.1529,115369,767029,0.1504,692695.0,74334.0,0.0969,754.0,114615.0,0.9935,767029.0,0.0,0.0,8.7,589
DE223NE,4371.0343,660493,151.1068,0.1161,19.7383,19.9613,47.4195,19.0195,28.4,89962,620686,0.1449,33203,620686,0.0535,108056,610844,0.1769,125655,660493,0.1902,507153.0,153340.0,0.2322,16989.0,108666.0,0.8648,660493.0,0.0,0.0,6.7,1299
DH15TW,5843.6994,451141,77.2013,0.1585,25.4335,20.4652,47.0204,19.7204,27.3,15658,430113,0.0364,33603,430113,0.0781,94799,418164,0.2267,94810,451141,0.2102,253943.0,197198.0,0.4371,7666.0,87144.0,0.9191,451141.0,0.0,0.0,9.8,961
DN157BH,3759.8641,358846,95.4412,0.1624,26.9784,29.1221,70.8107,28.5107,42.3,21396,351428,0.0609,20719,351428,0.059,65246,347667,0.1877,76665,358846,0.2136,249803.0,109043.0,0.3039,40254.0,36411.0,0.4749,358846.0,0.0,0.0,7.2,641
DN25LT,4155.0342,634442,152.6924,0.1595,28.99,19.7571,53.047,19.347,33.7,36622,606985,0.0603,45750,606985,0.0754,129506,597915,0.2166,125953,634442,0.1985,504191.0,130251.0,0.2053,9641.0,116312.0,0.9235,634442.0,0.0,0.0,9.5,694
DT12JY,3837.2563,213534,55.6476,0.0993,18.6683,23.408,89.9342,22.9342,67.0,9570,206256,0.0464,10754,206256,0.0521,39276,200057,0.1963,60490,213534,0.2833,116748.0,96786.0,0.4533,12937.0,47553.0,0.7861,213534.0,0.0,0.0,11.0,526
DY12HQ,2062.063,543415,263.5298,0.1503,24.0023,15.9299,40.1998,15.0998,25.1,59387,525778,0.113,33512,525778,0.0637,101018,520869,0.1939,114432,543415,0.2106,489187.0,54228.0,0.0998,4577.0,109855.0,0.96,543415.0,0.0,0.0,8.2,549
E11BB,367.6352,1479138,4023.385,0.1725,28.1127,15.9919,15.3983,15.3983,0.0,862005,1258344,0.685,71161,1258344,0.0566,172211,1244247,0.1384,121918,1479138,0.0824,1479138.0,0.0,0.0,0.0,121918.0,1.0,0.0,1479138.0,1.0,13.4,861
EX25DW,4464.8713,362907,81.2805,0.0896,14.9489,23.4497,80.3173,20.8173,59.5,21844,324512,0.0673,15965,324512,0.0492,57372,314561,0.1824,86123,362907,0.2373,208937.0,153970.0,0.4243,14489.0,71634.0,0.8318,362907.0,0.0,0.0,11.1,809
EX314JB,6366.9612,188700,29.6374,0.1149,21.6383,27.5949,117.2308,26.6308,90.6,6293,178072,0.0353,10466,178072,0.0588,34401,174618,0.197,50884,188700,0.2697,73537.0,115163.0,0.6103,16841.0,34043.0,0.669,188700.0,0.0,0.0,11.1,395
FY38NR,708.0524,287636,406.2355,0.1839,32.422,15.4393,39.82,14.72,25.1,14735,284573,0.0518,23646,284573,0.0831,66870,278232,0.2403,71052,287636,0.247,270038.0,17598.0,0.0612,0.0,71052.0,1.0,287636.0,0.0,0.0,7.9,674
GL13NN,5162.654,557219,107.9327,0.096,15.5961,22.104,67.5562,20.9562,46.6,46324,520921,0.0889,23390,520921,0.0449,82651,511564,0.1616,118488,557219,0.2126,427518.0,129701.0,0.2328,23829.0,94659.0,0.7989,557219.0,0.0,0.0,11.1,832
GU167UJ,3270.0537,713118,218.0753,0.0677,10.4965,20.5143,65.6136,20.1136,45.5,89938,681888,0.1319,23121,681888,0.0339,84564,666596,0.1269,133322,713118,0.187,590864.0,122254.0,0.1714,19593.0,113729.0,0.853,713118.0,0.0,0.0,15.7,661
HA13UJ,759.0955,1383341,1822.3543,0.1281,19.8527,16.8535,41.9738,16.8738,25.1,863615,1288965,0.67,62358,1288965,0.0484,179015,1274799,0.1404,195054,1383341,0.141,1369291.0,14050.0,0.0102,3884.0,191170.0,0.9801,1383341.0,0.0,0.0,13.2,1431
HP112TT,2579.2149,511015,198.1281,0.0709,10.7326,19.6977,54.4063,19.6063,34.8,115427,489724,0.2357,17482,489724,0.0357,62167,483417,0.1286,96512,511015,0.1889,411558.0,99457.0,0.1946,7524.0,88988.0,0.922,511015.0,0.0,0.0,14.0,817
HR12ER,9503.6427,251858,26.5012,0.1011,18.4745,27.8867,98.2852,25.8852,72.4,13823,240846,0.0574,12968,240846,0.0538,44067,236925,0.186,65470,251858,0.2599,110346.0,141512.0,0.5619,28215.0,37255.0,0.569,251858.0,0.0,0.0,9.8,510
HU32JZ,5309.3843,553011,104.1573,0.1598,27.5462,24.2538,21.2773,21.2773,0.0,36185,544954,0.0664,34196,544954,0.0628,101258,535247,0.1892,119321,553011,0.2158,442669.0,110342.0,0.1995,32300.0,87021.0,0.7293,0.0,553011.0,1.0,13.9,919
HX30PW,1823.8542,464874,254.8855,0.1396,24.5494,18.3904,48.3032,17.8032,30.5,76934,446504,0.1723,24822,446504,0.0556,76168,440950,0.1727,87467,464874,0.1882,409644.0,55230.0,0.1188,3511.0,83956.0,0.9599,464874.0,0.0,0.0,14.4,700
IP332QZ,4905.2514,263833,53.7858,0.081,15.5653,23.7317,69.7227,24.2227,45.5,28479,248677,0.1145,10640,248677,0.0428,38738,243380,0.1592,60057,263833,0.2276,116503.0,147330.0,0.5584,13761.0,46296.0,0.7709,263833.0,0.0,0.0,9.2,563
IP45PD,3728.5617,325253,87.2328,0.1013,18.5584,20.3728,95.4539,18.7539,76.7,32837,310738,0.1057,14343,310738,0.0462,52534,304467,0.1725,73741,325253,0.2267,219718.0,105535.0,0.3245,13488.0,60253.0,0.8171,325253.0,0.0,0.0,10.7,467
KT160PZ,1763.6195,895528,507.7784,0.0848,14.2852,19.4741,55.5472,19.6472,35.9,261391,835386,0.3129,31793,835386,0.0381,106737,816757,0.1307,141754,895528,0.1583,854233.0,41295.0,0.0461,5516.0,136238.0,0.9611,895528.0,0.0,0.0,10.2,615
KT187EG,1108.8276,537720,484.9446,0.0664,10.2316,16.4275,42.6105,16.4105,26.2,121038,506106,0.2392,18128,506106,0.0358,63790,496596,0.1285,100304,537720,0.1865,514079.0,23641.0,0.044,1949.0,98355.0,0.9806,537720.0,0.0,0.0,5.3,318
L355DR,1508.6983,784103,519.7215,0.1659,28.9708,18.8874,37.4608,18.7608,18.7,45205,761478,0.0594,56044,761478,0.0736,154614,753968,0.2051,150422,784103,0.1918,756632.0,27471.0,0.035,1220.0,149202.0,0.9919,784103.0,0.0,0.0,13.5,997
L97AL,1547.8112,869363,561.6725,0.2095,36.6013,19.2984,18.611,18.611,0.0,78500,823672,0.0953,67787,823672,0.0823,178843,803140,0.2227,156112,869363,0.1796,837308.0,32055.0,0.0369,16634.0,139478.0,0.8934,0.0,869363.0,1.0,9.4,501
LA144LF,3741.7772,127068,33.9593,0.1177,23.3248,23.8916,96.6687,22.1687,74.5,4777,130441,0.0366,8913,130441,0.0683,28195,127473,0.2212,32334,127068,0.2545,56097.0,70971.0,0.5585,11768.0,20566.0,0.636,127068.0,0.0,0.0,14.8,216
LA14RP,7467.5942,235093,31.4818,0.1033,19.9832,25.0317,53.2388,22.7388,30.5,14742,223039,0.0661,11743,223039,0.0526,39894,212059,0.1881,54360,235093,0.2312,134874.0,100219.0,0.4263,18357.0,36003.0,0.6623,235093.0,0.0,0.0,7.9,495
LE15WW,4641.2686,929248,200.2142,0.1225,19.4013,18.7795,49.085,17.485,31.6,247038,855903,0.2886,42277,855903,0.0494,135327,834308,0.1622,160731,929248,0.173,773348.0,155900.0,0.1678,11754.0,148977.0,0.9269,929248.0,0.0,0.0,12.4,1205
LL137TD,8948.3434,310017,34.6452,0.1224,17.4825,24.2019,77.1412,23.0412,54.1,15867,302099,0.0525,16990,302099,0.0562,57340,297527,0.1927,70933,310017,0.2288,140632.0,169385.0,0.5464,15985.0,54948.0,0.7746,310017.0,0.0,0.0,15.4,369
LL185UJ,3895.2592,222643,57.1574,0.1672,20.8456,20.7861,87.7226,20.7226,67.0,9577,217119,0.0441,15773,217119,0.0726,49543,213491,0.2321,57684,222643,0.2591,146589.0,76054.0,0.3416,4316.0,53368.0,0.9252,222643.0,0.0,0.0,16.1,411
LL572PW,7049.1958,187051,26.5351,0.1385,17.4711,27.6083,129.5436,26.0436,103.5,9018,183513,0.0491,10380,183513,0.0566,37466,178943,0.2094,44191,187051,0.2363,30225.0,156826.0,0.8384,17904.0,26287.0,0.5948,187051.0,0.0,0.0,7.8,333
LN25QY,11306.946,490230,43.3565,0.1237,21.3981,32.3871,86.6898,29.2898,57.4,25760,458557,0.0562,27622,458557,0.0602,91342,446287,0.2047,118318,490230,0.2414,255998.0,234232.0,0.4778,61624.0,56694.0,0.4792,490230.0,0.0,0.0,6.3,914
LS13EX,2469.2866,861533,348.8996,0.1452,27.4914,18.5991,16.5617,16.5617,0.0,161674,811589,0.1992,43411,811589,0.0535,129935,790760,0.1643,135832,861533,0.1577,810907.0,50626.0,0.0588,16029.0,119803.0,0.882,0.0,861533.0,1.0,9.4,1323
LU40DZ,1549.7915,511764,330.2147,0.1153,18.9154,16.0565,61.0644,15.5644,45.5,148892,474646,0.3137,20710,474646,0.0436,67516,470862,0.1434,79027,511764,0.1544,438036.0,73728.0,0.1441,150.0,78877.0,0.9981,511764.0,0.0,0.0,18.2,693
M68HD,1414.4801,1215572,859.3772,0.1717,30.2416,18.7709,18.1173,18.1173,0.0,273550,1117535,0.2448,73691,1117535,0.0659,201748,1085675,0.1858,170392,1215572,0.1402,1193060.0,22512.0,0.0185,656.0,169736.0,0.9962,0.0,1215572.0,1.0,6.5,1848
ME169QQ,4064.2746,776985,191.1743,0.1114,19.3539,23.5348,71.8418,23.0418,48.8,76526,718990,0.1064,33452,718990,0.0465,110303,707308,0.1559,145934,776985,0.1878,573516.0,203469.0,0.2619,34560.0,111374.0,0.7632,776985.0,0.0,0.0,11.9,990
MK65LD,3606.5114,613443,170.0932,0.1007,16.3571,20.2092,71.7067,19.7067,52.0,129452,542097,0.2388,22311,542097,0.0412,74275,534116,0.1391,97360,613443,0.1587,470462.0,142981.0,0.2331,14547.0,82813.0,0.8506,613443.0,0.0,0.0,15.0,233
NE14LP,7195.05,710219,98.7094,0.1624,26.9252,17.13,15.4946,15.4946,0.0,71258,677687,0.1051,47665,677687,0.0703,131227,663784,0.1977,129209,710219,0.1819,645964.0,64255.0,0.0905,11224.0,117985.0,0.9131,0.0,710219.0,1.0,12.2,1096
NE236NZ,7813.8679,336594,43.0765,0.1325,22.5877,23.825,42.7978,21.9978,20.8,10119,324265,0.0312,21520,324265,0.0664,64655,319558,0.2023,79127,336594,0.2351,220162.0,116432.0,0.3459,16462.0,62665.0,0.792,336594.0,0.0,0.0,12.7,1101
NG174JL,2490.2392,426363,171.2137,0.1394,24.482,16.3856,45.3621,15.9621,29.4,18330,401764,0.0456,29751,401764,0.0741,88176,396810,0.2222,88383,426363,0.2073,314847.0,111516.0,0.2616,1353.0,87030.0,0.9847,426363.0,0.0,0.0,8.8,668
NG72UH,3240.5458,898199,277.1752,0.1337,21.9212,19.4668,18.0303,18.0303,0.0,150397,836169,0.1799,46356,836169,0.0554,144963,814237,0.178,155866,898199,0.1735,777559.0,120640.0,0.1343,18116.0,137750.0,0.8838,0.0,898199.0,1.0,11.9,1147
NN15BD,4711.3771,687727,145.9715,0.1059,18.9497,22.0574,64.8552,21.4552,43.4,94235,633225,0.1488,29153,633225,0.046,97622,625431,0.1561,124456,687727,0.181,505379.0,182348.0,0.2651,21060.0,103396.0,0.8308,687727.0,0.0,0.0,7.9,937
NP448YN,2906.6432,399897,137.5804,0.1672,22.9714,19.2793,45.0128,18.8128,26.2,26379,381774,0.0691,30186,381774,0.0791,83945,377884,0.2221,80549,399897,0.2014,331406.0,68491.0,0.1713,3635.0,76914.0,0.9549,399897.0,0.0,0.0,11.2,705
NR316LA,2867.545,256439,89.4281,0.1559,27.8684,22.2362,126.7177,21.0177,105.7,12910,249383,0.0518,16517,249383,0.0662,52809,246156,0.2145,68702,256439,0.2679,154286.0,102153.0,0.3984,13441.0,55261.0,0.8044,256439.0,0.0,0.0,12.4,468
NR47UY,6807.241,553564,81.3199,0.1031,18.0307,25.8758,102.5979,23.7979,78.8,37711,510357,0.0739,26193,510357,0.0513,92200,498194,0.1851,130455,553564,0.2357,307703.0,245861.0,0.4441,41888.0,88567.0,0.6789,553564.0,0.0,0.0,11.5,1060
NW12BU,376.9044,1402222,3720.3651,0.1568,24.1731,17.2105,16.856,16.856,0.0,738740,1233116,0.5991,70528,1233116,0.0572,173039,1210909,0.1429,163221,1402222,0.1164,1402222.0,0.0,0.0,7081.0,156140.0,0.9566,0.0,1402222.0,1.0,11.2,1139
OX39DU,5314.0993,608497,114.5061,0.0696,12.0431,25.9377,25.0715,25.0715,0.0,100341,570761,0.1758,20254,570761,0.0355,73880,543242,0.136,109800,608497,0.1804,422623.0,185874.0,0.3055,36340.0,73460.0,0.669,0.0,608497.0,1.0,22.5,702
PE304ET,7327.0551,276297,37.7091,0.1245,24.3345,25.3967,89.2632,24.3632,64.9,21235,263933,0.0805,16710,263933,0.0633,55276,259870,0.2127,74606,276297,0.27,96968.0,179329.0,0.649,21317.0,53289.0,0.7143,276297.0,0.0,0.0,11.9,628
PE39GZ,9971.813,673710,67.5614,0.1131,19.6326,27.3447,82.1821,25.8821,56.3,95350,616041,0.1548,30620,616041,0.0497,102744,604741,0.1699,135013,673710,0.2004,424856.0,248854.0,0.3694,60459.0,74554.0,0.5522,673710.0,0.0,0.0,13.0,722
PL68DH,6736.8319,471970,70.0582,0.1283,23.2459,23.3635,21.3724,21.3724,0.0,25273,457655,0.0552,27779,457655,0.0607,88673,449172,0.1974,106878,471970,0.2265,306440.0,165530.0,0.3507,30526.0,76352.0,0.7144,0.0,471970.0,1.0,10.2,766
PO196SE,2367.4634,213619,90.2312,0.0905,16.0486,18.5783,65.804,18.104,47.7,15564,198139,0.0786,9624,198139,0.0486,34813,192934,0.1804,59896,213619,0.2804,126808.0,86811.0,0.4064,3324.0,56572.0,0.9445,213619.0,0.0,0.0,13.9,482
PO305TG,946.2206,142296,150.3835,0.138,23.3603,19.6243,136.1055,18.6055,117.5,7166,138265,0.0518,8953,138265,0.0648,28739,133713,0.2149,40858,142296,0.2871,99633.0,42663.0,0.2998,0.0,40858.0,1.0,142296.0,0.0,0.0,12.9,310
PO63LY,1548.2951,636571,411.1432,0.1043,19.4131,17.7629,48.7978,17.1978,31.6,54171,607293,0.0892,28837,607293,0.0475,96872,596555,0.1624,128740,636571,0.2022,584114.0,52457.0,0.0824,1586.0,127154.0,0.9877,636571.0,0.0,0.0,17.1,1018
PR29HT,2457.241,472451,192.2689,0.1127,19.541,20.2699,19.197,19.197,0.0,48151,450220,0.1069,25292,450220,0.0562,79174,438636,0.1805,94546,472451,0.2001,381589.0,90862.0,0.1923,7078.0,87468.0,0.9251,0.0,472451.0,1.0,6.8,735
RG15AN,2231.3018,519150,232.6669,0.0708,11.2089,18.0176,66.7214,16.9214,49.8,96551,483279,0.1998,15535,483279,0.0321,57969,473405,0.1225,86865,519150,0.1673,417025.0,102125.0,0.1967,6513.0,80352.0,0.925,519150.0,0.0,0.0,27.5,676
RH15RH,2027.438,442982,218.4935,0.0743,12.9088,22.4984,59.8791,21.8791,38.0,66798,411321,0.1624,15385,411321,0.0374,54392,404270,0.1345,79120,442982,0.1786,369978.0,73004.0,0.1648,16096.0,63024.0,0.7966,442982.0,0.0,0.0,9.9,727
RM70AG,1734.6856,1214850,700.3286,0.1319,20.8906,19.7134,19.0438,19.0438,0.0,420249,1107840,0.3793,57831,1107840,0.0522,172335,1100588,0.1566,177632,1214850,0.1462,1169484.0,45366.0,0.0373,29178.0,148454.0,0.8357,0.0,1214850.0,1.0,11.9,981
S102JF,2661.1817,773440,290.6378,0.1581,27.5775,16.5516,15.352,15.352,0.0,123912,730330,0.1697,47350,730330,0.0648,137077,715312,0.1916,131361,773440,0.1698,737666.0,35774.0,0.0463,1142.0,130219.0,0.9913,0.0,773440.0,1.0,8.6,1352
S445BL,2340.967,348071,148.6868,0.1297,21.5612,19.0922,46.1892,18.8892,27.3,14735,339499,0.0434,23873,339499,0.0703,72516,335994,0.2158,80690,348071,0.2318,283041.0,65030.0,0.1868,1434.0,79256.0,0.9822,348071.0,0.0,0.0,8.2,649
SA148QF,1430.4713,151078,105.6141,0.1497,19.9071,16.6173,75.4175,15.9175,59.5,6067,145436,0.0417,12777,145436,0.0879,35853,144019,0.2489,34485,151078,0.2283,99745.0,51333.0,0.3398,545.0,33940.0,0.9842,151078.0,0.0,0.0,9.3,162
SA312AF,6797.018,96161,14.1475,0.1235,17.6667,26.9899,102.5864,25.8864,76.7,4249,94969,0.0447,6653,94969,0.0701,21542,92838,0.232,26398,96161,0.2745,17335.0,78826.0,0.8197,10718.0,15680.0,0.594,96161.0,0.0,0.0,10.6,207
SA612PZ,4247.5193,129547,30.4994,0.147,20.0445,24.3129,131.3302,23.5302,107.8,5507,125201,0.044,8559,125201,0.0684,27206,123299,0.2207,33819,129547,0.2611,29641.0,99906.0,0.7712,8406.0,25413.0,0.7514,129547.0,0.0,0.0,16.8,208
SA66NL,1513.0443,339300,224.2499,0.1821,24.9365,17.8664,69.3896,17.3896,52.0,22807,328689,0.0694,30086,328689,0.0915,80467,323172,0.249,67759,339300,0.1997,303659.0,35641.0,0.105,0.0,67759.0,1.0,339300.0,0.0,0.0,16.9,615
SE59RW,207.4601,830454,4002.9576,0.1574,25.3668,14.6122,14.389,14.389,0.0,451689,762614,0.5923,37299,762614,0.0489,98727,753192,0.1311,76935,830454,0.0926,830454.0,0.0,0.0,0.0,76935.0,1.0,0.0,830454.0,1.0,15.0,824
SG14AB,3954.2551,636141,160.8751,0.0817,12.7765,20.9758,59.6145,20.5145,39.1,82552,583971,0.1414,22590,583971,0.0387,81172,575751,0.141,113924,636141,0.1791,482338.0,153803.0,0.2418,20590.0,93334.0,0.8193,636141.0,0.0,0.0,6.8,777
SK27JE,2994.1927,919958,307.2474,0.1404,24.5555,19.1277,46.37,19.07,27.3,121947,891624,0.1368,53925,891624,0.0605,160305,883664,0.1814,172532,919958,0.1875,875820.0,44138.0,0.048,5330.0,167202.0,0.9691,919958.0,0.0,0.0,8.4,1227
SN36BB,7185.7507,565637,78.7165,0.0864,14.2832,24.2525,73.189,23.389,49.8,54124,530703,0.102,21597,530703,0.0407,77066,523088,0.1473,111575,565637,0.1973,360896.0,204741.0,0.362,39036.0,72539.0,0.6501,565637.0,0.0,0.0,9.4,640
SO166YD,1454.3011,492625,338.7366,0.1046,19.6776,16.7896,15.8744,15.8744,0.0,68413,465070,0.1471,21618,465070,0.0465,72258,454081,0.1591,88352,492625,0.1793,451368.0,41257.0,0.0837,0.0,88352.0,1.0,0.0,492625.0,1.0,11.6,803
SO225DG,3134.5885,238800,76.1822,0.058,10.093,21.4908,44.2319,21.2319,23.0,18067,220946,0.0818,7477,220946,0.0338,29345,214925,0.1365,49416,238800,0.2069,146227.0,92573.0,0.3877,4331.0,45085.0,0.9124,238800.0,0.0,0.0,7.0,659
SP28BJ,3809.0719,171703,45.0774,0.0672,12.9867,20.9837,57.7015,21.8015,35.9,10911,157393,0.0693,6112,157393,0.0388,22892,149498,0.1531,35939,171703,0.2093,57692.0,114011.0,0.664,6156.0,29783.0,0.8287,171703.0,0.0,0.0,9.6,332
SR47TP,810.8234,482802,595.4466,0.2006,31.95,15.8439,40.8235,15.7235,25.1,22964,479112,0.0479,42164,479112,0.088,111559,473293,0.2357,96775,482802,0.2004,467156.0,15646.0,0.0324,0.0,96775.0,1.0,482802.0,0.0,0.0,11.4,711
SS00RY,523.8997,271707,518.6241,0.1229,18.8781,12.8909,52.7913,12.5913,40.2,26410,258319,0.1022,13787,258319,0.0534,44809,255599,0.1753,57128,271707,0.2103,261212.0,10495.0,0.0386,0.0,57128.0,1.0,271707.0,0.0,0.0,12.7,646
SS165NL,1642.6666,463588,282.2167,0.1183,19.4315,17.8877,44.4179,17.1179,27.3,41458,437757,0.0947,22538,437757,0.0515,72706,434953,0.1672,90613,463588,0.1955,414327.0,49261.0,0.1063,6204.0,84409.0,0.9315,463588.0,0.0,0.0,9.8,601
ST46QG,3981.1106,626739,157.4282,0.133,23.8423,18.9499,18.1607,18.1607,0.0,53393,602860,0.0886,40662,602860,0.0674,122114,590951,0.2066,130025,626739,0.2075,527680.0,99059.0,0.1581,4890.0,125135.0,0.9624,0.0,626739.0,1.0,10.4,1101
SW170QT,229.2157,625959,2730.873,0.1222,19.3105,15.7414,15.5308,15.5308,0.0,314654,586792,0.5362,24758,586792,0.0422,73293,581732,0.126,71217,625959,0.1138,625959.0,0.0,0.0,0.0,71217.0,1.0,0.0,625959.0,1.0,7.8,918
SW66SX,342.1712,918673,2684.8345,0.1041,16.9418,15.433,15.284,15.284,0.0,443155,867229,0.511,34866,867229,0.0402,98202,853712,0.115,118397,918673,0.1289,918673.0,0.0,0.0,0.0,118397.0,1.0,0.0,918673.0,1.0,9.9,1147
SY231ER,9184.2461,87086,9.4821,0.1098,16.0302,35.5818,168.3503,32.5503,135.8,5077,89939,0.0564,5258,89939,0.0585,17845,85609,0.2084,22687,87086,0.2605,18628.0,68458.0,0.7861,14546.0,8141.0,0.3588,87086.0,0.0,0.0,26.2,126
TA15DA,4328.8059,272484,62.9467,0.1084,19.8197,23.9271,88.6768,22.7768,65.9,13744,253368,0.0542,12905,253368,0.0509,45139,247524,0.1824,66948,272484,0.2457,168632.0,103852.0,0.3811,19925.0,47023.0,0.7024,272484.0,0.0,0.0,8.7,644
TF16TF,6487.6458,407757,62.8513,0.119,19.9645,22.937,67.9968,21.3968,46.6,27277,378407,0.0721,20812,378407,0.055,65943,370630,0.1779,86899,407757,0.2131,275596.0,132161.0,0.3241,15287.0,71612.0,0.8241,407757.0,0.0,0.0,11.5,358
TQ27AA,2057.9527,270791,131.5827,0.1393,22.1367,18.7849,69.9877,17.9877,52.0,12004,256036,0.0469,16671,256036,0.0651,53582,250186,0.2142,74407,270791,0.2748,201051.0,69740.0,0.2575,5521.0,68886.0,0.9258,270791.0,0.0,0.0,7.7,595
TR13LQ,5283.8907,440655,83.3959,0.1336,23.3336,29.1385,103.9104,28.3104,75.6,18193,405538,0.0449,25971,405538,0.064,83119,397962,0.2089,108644,440655,0.2466,212356.0,228299.0,0.5181,52813.0,55831.0,0.5139,440655.0,0.0,0.0,6.5,880
TS198PE,5841.3406,440235,75.3654,0.1641,26.39,24.319,70.3721,23.7721,46.6,24112,431329,0.0559,27873,431329,0.0646,82366,420201,0.196,89429,440235,0.2031,352172.0,88063.0,0.2,15807.0,73622.0,0.8232,440235.0,0.0,0.0,19.0,632
TS43BW,5323.7008,390892,73.4249,0.1806,29.4861,21.7724,78.092,19.692,58.4,27351,383796,0.0713,26360,383796,0.0687,75705,378917,0.1998,82284,390892,0.2105,301737.0,89155.0,0.2281,17632.0,64652.0,0.7857,390892.0,0.0,0.0,12.9,752
WD180HB,1248.0173,592250,474.5527,0.0801,12.1531,19.7406,54.093,19.293,34.8,148776,556239,0.2675,22162,556239,0.0398,74360,549053,0.1354,103920,592250,0.1755,553177.0,39073.0,0.066,6991.0,96929.0,0.9327,592250.0,0.0,0.0,13.5,607
WF14DG,1764.4882,590899,334.8841,0.1487,26.6469,18.8434,42.8303,18.7303,24.1,58804,551161,0.1067,39665,551161,0.072,112673,545807,0.2064,110732,590899,0.1874,484168.0,106731.0,0.1806,500.0,110232.0,0.9955,590899.0,0.0,0.0,13.0,722
WR51DD,4107.0189,412669,100.479,0.094,16.4518,22.1075,56.9356,21.0356,35.9,26578,385239,0.069,18853,385239,0.0489,64667,378243,0.171,98611,412669,0.239,262378.0,150291.0,0.3642,13235.0,85376.0,0.8658,412669.0,0.0,0.0,6.8,721
WV100QP,1701.2541,653493,384.1243,0.1726,26.754,19.1835,47.655,18.255,29.4,115792,621352,0.1864,42217,621352,0.0679,121851,613159,0.1987,123735,653493,0.1893,598972.0,54521.0,0.0834,11546.0,112189.0,0.9067,653493.0,0.0,0.0,9.4,1038
YO318HE,10954.8413,534382,48.7804,0.0841,14.6066,30.2429,72.1637,27.6637,44.5,34546,506109,0.0683,23375,506109,0.0462,81036,490580,0.1652,119484,534382,0.2236,319406.0,214976.0,0.4023,52386.0,67098.0,0.5616,534382.0,0.0,0.0,11.3,946
